2025-04-28 01:54:50,017 - main - INFO - Iniciando sistema de análise de franquias sem estoque...
2025-04-28 01:54:50,020 - main - INFO - Diretório criado/verificado: logs
2025-04-28 01:54:50,022 - main - INFO - Diretório criado/verificado: output
2025-04-28 01:54:50,053 - main - INFO - Diretório criado/verificado: output/data
2025-04-28 01:54:50,055 - main - INFO - Diretório criado/verificado: output/reports
2025-04-28 01:54:50,057 - main - INFO - Diretório criado/verificado: output/creatives
2025-04-28 01:54:50,058 - main - INFO - Iniciando coleta de dados...
2025-04-28 01:54:50,059 - main - INFO - Coletando dados de franquias...
2025-04-28 01:54:50,132 - franchise_scraper - INFO - Inicializado com 3 fontes configuradas
2025-04-28 01:54:50,133 - franchise_scraper - INFO - Iniciando coleta da fonte: Portal Franquias
2025-04-28 01:54:51,742 - franchise_scraper - WARNING - Tentativa 1/3 falhou: HTTPSConnectionPool(host='www.portaldafranquia.com.br', port=443): Max retries exceeded with url: /franquias/ (Caused by SSLError(SSLEOFError(8, 'EOF occurred in violation of protocol (_ssl.c:997)')))
2025-04-28 01:54:51,871 - franchise_scraper - WARNING - Tentativa 2/3 falhou: HTTPSConnectionPool(host='www.portaldafranquia.com.br', port=443): Max retries exceeded with url: /franquias/ (Caused by SSLError(SSLEOFError(8, 'EOF occurred in violation of protocol (_ssl.c:997)')))
2025-04-28 01:54:53,011 - franchise_scraper - WARNING - Tentativa 3/3 falhou: HTTPSConnectionPool(host='www.portaldafranquia.com.br', port=443): Max retries exceeded with url: /franquias/ (Caused by SSLError(SSLEOFError(8, 'EOF occurred in violation of protocol (_ssl.c:997)')))
2025-04-28 01:54:53,012 - franchise_scraper - ERROR - Todas as tentativas falharam para https://www.portaldafranquia.com.br/franquias/
2025-04-28 01:54:53,018 - franchise_scraper - INFO - Iniciando coleta da fonte: ABF Franquias
2025-04-28 01:54:55,676 - franchise_scraper - WARNING - Requisição falhou com status 404 para https://www.abf.com.br/encontre-uma-franquia/
2025-04-28 01:54:58,165 - franchise_scraper - WARNING - Requisição falhou com status 404 para https://www.abf.com.br/encontre-uma-franquia/
2025-04-28 01:55:00,383 - franchise_scraper - WARNING - Requisição falhou com status 404 para https://www.abf.com.br/encontre-uma-franquia/
2025-04-28 01:55:00,385 - franchise_scraper - ERROR - Todas as tentativas falharam para https://www.abf.com.br/encontre-uma-franquia/
2025-04-28 01:55:00,389 - franchise_scraper - INFO - Iniciando coleta da fonte: Franquias Brasil
2025-04-28 01:55:01,729 - franchise_scraper - INFO - Encontrados 0 itens em Franquias Brasil
2025-04-28 01:55:01,729 - franchise_scraper - INFO - Coletadas 0 oportunidades de Franquias Brasil
2025-04-28 01:55:01,830 - franchise_scraper - WARNING - Nenhuma oportunidade encontrada
2025-04-28 01:55:01,832 - main - WARNING - Nenhuma oportunidade de franquia encontrada.
2025-04-28 01:55:01,833 - main - INFO - Coletando dados de marketplaces...
2025-04-28 01:55:01,874 - marketplace_scraper - INFO - Inicializado com 3 marketplaces configurados
2025-04-28 01:55:01,874 - marketplace_scraper - INFO - Iniciando coleta de Amazon
2025-04-28 01:55:01,876 - marketplace_scraper - INFO - Buscando por 'dropshipping' em Amazon
2025-04-28 01:55:02,556 - marketplace_scraper - WARNING - Requisição falhou com status 503 para https://www.amazon.com.br/s?k=dropshipping
2025-04-28 01:55:03,083 - marketplace_scraper - WARNING - Requisição falhou com status 503 para https://www.amazon.com.br/s?k=dropshipping
2025-04-28 01:55:03,593 - marketplace_scraper - WARNING - Requisição falhou com status 503 para https://www.amazon.com.br/s?k=dropshipping
2025-04-28 01:55:03,594 - marketplace_scraper - ERROR - Todas as tentativas falharam para https://www.amazon.com.br/s?k=dropshipping
2025-04-28 01:55:03,600 - marketplace_scraper - INFO - Buscando por 'revenda sem estoque' em Amazon
2025-04-28 01:55:03,812 - marketplace_scraper - WARNING - Requisição falhou com status 503 para https://www.amazon.com.br/s?k=dropshipping
2025-04-28 01:55:05,889 - marketplace_scraper - INFO - Encontrados 48 itens em Amazon
2025-04-28 01:55:06,145 - marketplace_scraper - INFO - Encontrados 0 produtos para 'revenda sem estoque' em Amazon
2025-04-28 01:55:06,146 - marketplace_scraper - ERROR - Erro ao buscar 'revenda sem estoque' em Amazon: 'MarketplaceScraper' object has no attribute '_random_delay'
2025-04-28 01:55:06,147 - marketplace_scraper - INFO - Buscando por 'franquia digital' em Amazon
2025-04-28 01:55:08,580 - marketplace_scraper - INFO - Encontrados 48 itens em Amazon
2025-04-28 01:55:08,854 - marketplace_scraper - INFO - Encontrados 0 produtos para 'franquia digital' em Amazon
2025-04-28 01:55:08,855 - marketplace_scraper - ERROR - Erro ao buscar 'franquia digital' em Amazon: 'MarketplaceScraper' object has no attribute '_random_delay'
2025-04-28 01:55:08,856 - marketplace_scraper - INFO - Buscando por 'vender sem estoque' em Amazon
2025-04-28 01:55:10,807 - marketplace_scraper - INFO - Encontrados 48 itens em Amazon
2025-04-28 01:55:11,088 - marketplace_scraper - INFO - Encontrados 0 produtos para 'vender sem estoque' em Amazon
2025-04-28 01:55:11,089 - marketplace_scraper - ERROR - Erro ao buscar 'vender sem estoque' em Amazon: 'MarketplaceScraper' object has no attribute '_random_delay'
2025-04-28 01:55:11,090 - marketplace_scraper - INFO - Buscando por 'produtos para revender' em Amazon
2025-04-28 01:55:13,071 - marketplace_scraper - INFO - Encontrados 48 itens em Amazon
2025-04-28 01:55:13,324 - marketplace_scraper - INFO - Encontrados 0 produtos para 'produtos para revender' em Amazon
2025-04-28 01:55:13,325 - marketplace_scraper - ERROR - Erro ao buscar 'produtos para revender' em Amazon: 'MarketplaceScraper' object has no attribute '_random_delay'
2025-04-28 01:55:13,326 - marketplace_scraper - INFO - Buscando por 'kit revenda' em Amazon
2025-04-28 01:55:14,913 - marketplace_scraper - INFO - Encontrados 48 itens em Amazon
2025-04-28 01:55:15,170 - marketplace_scraper - INFO - Encontrados 0 produtos para 'kit revenda' em Amazon
2025-04-28 01:55:15,171 - marketplace_scraper - ERROR - Erro ao buscar 'kit revenda' em Amazon: 'MarketplaceScraper' object has no attribute '_random_delay'
2025-04-28 01:55:15,173 - marketplace_scraper - INFO - Buscando por 'curso dropshipping' em Amazon
2025-04-28 01:55:16,934 - marketplace_scraper - INFO - Encontrados 48 itens em Amazon
2025-04-28 01:55:17,197 - marketplace_scraper - INFO - Encontrados 0 produtos para 'curso dropshipping' em Amazon
2025-04-28 01:55:17,198 - marketplace_scraper - ERROR - Erro ao buscar 'curso dropshipping' em Amazon: 'MarketplaceScraper' object has no attribute '_random_delay'
2025-04-28 01:55:17,200 - marketplace_scraper - INFO - Buscando por 'método afiliado' em Amazon
2025-04-28 01:55:18,992 - marketplace_scraper - INFO - Encontrados 48 itens em Amazon
2025-04-28 01:55:19,245 - marketplace_scraper - INFO - Encontrados 0 produtos para 'método afiliado' em Amazon
2025-04-28 01:55:19,246 - marketplace_scraper - ERROR - Erro ao buscar 'método afiliado' em Amazon: 'MarketplaceScraper' object has no attribute '_random_delay'
2025-04-28 01:55:19,247 - marketplace_scraper - INFO - Buscando por 'sistema de revenda' em Amazon
2025-04-28 01:55:19,467 - marketplace_scraper - WARNING - Requisição falhou com status 503 para https://www.amazon.com.br/s?k=dropshipping
2025-04-28 01:55:21,016 - marketplace_scraper - INFO - Encontrados 48 itens em Amazon
2025-04-28 01:55:21,264 - marketplace_scraper - INFO - Encontrados 0 produtos para 'sistema de revenda' em Amazon
2025-04-28 01:55:21,265 - marketplace_scraper - ERROR - Erro ao buscar 'sistema de revenda' em Amazon: 'MarketplaceScraper' object has no attribute '_random_delay'
2025-04-28 01:55:21,267 - marketplace_scraper - INFO - Buscando por 'produtos lucrativos' em Amazon
2025-04-28 01:55:21,466 - marketplace_scraper - WARNING - Requisição falhou com status 503 para https://www.amazon.com.br/s?k=dropshipping
2025-04-28 01:55:21,673 - marketplace_scraper - WARNING - Requisição falhou com status 503 para https://www.amazon.com.br/s?k=dropshipping
2025-04-28 01:55:22,375 - marketplace_scraper - WARNING - Requisição falhou com status 503 para https://www.amazon.com.br/s?k=dropshipping
2025-04-28 01:55:22,376 - marketplace_scraper - ERROR - Todas as tentativas falharam para https://www.amazon.com.br/s?k=dropshipping
2025-04-28 01:55:22,383 - marketplace_scraper - INFO - Iniciando coleta de Mercado Livre
2025-04-28 01:55:22,384 - marketplace_scraper - INFO - Buscando por 'dropshipping' em Mercado Livre
2025-04-28 01:55:23,461 - marketplace_scraper - INFO - Encontrados 0 itens em Mercado Livre
2025-04-28 01:55:23,461 - marketplace_scraper - INFO - Encontrados 0 produtos para 'dropshipping' em Mercado Livre
2025-04-28 01:55:23,468 - marketplace_scraper - ERROR - Erro ao buscar 'dropshipping' em Mercado Livre: 'MarketplaceScraper' object has no attribute '_random_delay'
2025-04-28 01:55:23,469 - marketplace_scraper - INFO - Buscando por 'revenda sem estoque' em Mercado Livre
2025-04-28 01:55:24,695 - marketplace_scraper - INFO - Encontrados 0 itens em Mercado Livre
2025-04-28 01:55:24,695 - marketplace_scraper - INFO - Encontrados 0 produtos para 'revenda sem estoque' em Mercado Livre
2025-04-28 01:55:24,697 - marketplace_scraper - ERROR - Erro ao buscar 'revenda sem estoque' em Mercado Livre: 'MarketplaceScraper' object has no attribute '_random_delay'
2025-04-28 01:55:24,698 - marketplace_scraper - INFO - Buscando por 'franquia digital' em Mercado Livre
2025-04-28 01:55:26,279 - marketplace_scraper - INFO - Encontrados 0 itens em Mercado Livre
2025-04-28 01:55:26,279 - marketplace_scraper - INFO - Encontrados 0 produtos para 'franquia digital' em Mercado Livre
2025-04-28 01:55:26,282 - marketplace_scraper - ERROR - Erro ao buscar 'franquia digital' em Mercado Livre: 'MarketplaceScraper' object has no attribute '_random_delay'
2025-04-28 01:55:26,283 - marketplace_scraper - INFO - Buscando por 'vender sem estoque' em Mercado Livre
2025-04-28 01:55:28,080 - marketplace_scraper - INFO - Encontrados 0 itens em Mercado Livre
2025-04-28 01:55:28,080 - marketplace_scraper - INFO - Encontrados 0 produtos para 'vender sem estoque' em Mercado Livre
2025-04-28 01:55:28,082 - marketplace_scraper - ERROR - Erro ao buscar 'vender sem estoque' em Mercado Livre: 'MarketplaceScraper' object has no attribute '_random_delay'
2025-04-28 01:55:28,084 - marketplace_scraper - INFO - Buscando por 'produtos para revender' em Mercado Livre
2025-04-28 01:55:30,411 - marketplace_scraper - INFO - Encontrados 0 itens em Mercado Livre
2025-04-28 01:55:30,412 - marketplace_scraper - INFO - Encontrados 0 produtos para 'produtos para revender' em Mercado Livre
2025-04-28 01:55:30,414 - marketplace_scraper - ERROR - Erro ao buscar 'produtos para revender' em Mercado Livre: 'MarketplaceScraper' object has no attribute '_random_delay'
2025-04-28 01:55:30,415 - marketplace_scraper - INFO - Buscando por 'kit revenda' em Mercado Livre
2025-04-28 01:55:32,104 - marketplace_scraper - INFO - Encontrados 0 itens em Mercado Livre
2025-04-28 01:55:32,104 - marketplace_scraper - INFO - Encontrados 0 produtos para 'kit revenda' em Mercado Livre
2025-04-28 01:55:32,107 - marketplace_scraper - ERROR - Erro ao buscar 'kit revenda' em Mercado Livre: 'MarketplaceScraper' object has no attribute '_random_delay'
2025-04-28 01:55:32,109 - marketplace_scraper - INFO - Buscando por 'curso dropshipping' em Mercado Livre
2025-04-28 01:55:33,645 - marketplace_scraper - INFO - Encontrados 0 itens em Mercado Livre
2025-04-28 01:55:33,646 - marketplace_scraper - INFO - Encontrados 0 produtos para 'curso dropshipping' em Mercado Livre
2025-04-28 01:55:33,648 - marketplace_scraper - ERROR - Erro ao buscar 'curso dropshipping' em Mercado Livre: 'MarketplaceScraper' object has no attribute '_random_delay'
2025-04-28 01:55:33,649 - marketplace_scraper - INFO - Buscando por 'método afiliado' em Mercado Livre
2025-04-28 01:55:35,904 - marketplace_scraper - INFO - Encontrados 0 itens em Mercado Livre
2025-04-28 01:55:35,904 - marketplace_scraper - INFO - Encontrados 0 produtos para 'método afiliado' em Mercado Livre
2025-04-28 01:55:35,908 - marketplace_scraper - ERROR - Erro ao buscar 'método afiliado' em Mercado Livre: 'MarketplaceScraper' object has no attribute '_random_delay'
2025-04-28 01:55:35,909 - marketplace_scraper - INFO - Buscando por 'sistema de revenda' em Mercado Livre
2025-04-28 01:55:37,613 - marketplace_scraper - INFO - Encontrados 0 itens em Mercado Livre
2025-04-28 01:55:37,614 - marketplace_scraper - INFO - Encontrados 0 produtos para 'sistema de revenda' em Mercado Livre
2025-04-28 01:55:37,616 - marketplace_scraper - ERROR - Erro ao buscar 'sistema de revenda' em Mercado Livre: 'MarketplaceScraper' object has no attribute '_random_delay'
2025-04-28 01:55:37,617 - marketplace_scraper - INFO - Buscando por 'produtos lucrativos' em Mercado Livre
2025-04-28 01:55:39,494 - marketplace_scraper - INFO - Encontrados 0 itens em Mercado Livre
2025-04-28 01:55:39,494 - marketplace_scraper - INFO - Encontrados 0 produtos para 'produtos lucrativos' em Mercado Livre
2025-04-28 01:55:39,495 - marketplace_scraper - ERROR - Erro ao buscar 'produtos lucrativos' em Mercado Livre: 'MarketplaceScraper' object has no attribute '_random_delay'
2025-04-28 01:55:39,497 - marketplace_scraper - INFO - Iniciando coleta de Shopee
2025-04-28 01:55:39,498 - marketplace_scraper - INFO - Buscando por 'dropshipping' em Shopee
2025-04-28 01:55:39,985 - marketplace_scraper - INFO - Encontrados 0 itens em Shopee
2025-04-28 01:55:39,986 - marketplace_scraper - INFO - Encontrados 0 produtos para 'dropshipping' em Shopee
2025-04-28 01:55:39,988 - marketplace_scraper - ERROR - Erro ao buscar 'dropshipping' em Shopee: 'MarketplaceScraper' object has no attribute '_random_delay'
2025-04-28 01:55:39,992 - marketplace_scraper - INFO - Buscando por 'revenda sem estoque' em Shopee
2025-04-28 01:55:40,475 - marketplace_scraper - INFO - Encontrados 0 itens em Shopee
2025-04-28 01:55:40,476 - marketplace_scraper - INFO - Encontrados 0 produtos para 'revenda sem estoque' em Shopee
2025-04-28 01:55:40,480 - marketplace_scraper - ERROR - Erro ao buscar 'revenda sem estoque' em Shopee: 'MarketplaceScraper' object has no attribute '_random_delay'
2025-04-28 01:55:40,483 - marketplace_scraper - INFO - Buscando por 'franquia digital' em Shopee
2025-04-28 01:55:40,969 - marketplace_scraper - INFO - Encontrados 0 itens em Shopee
2025-04-28 01:55:40,970 - marketplace_scraper - INFO - Encontrados 0 produtos para 'franquia digital' em Shopee
2025-04-28 01:55:40,975 - marketplace_scraper - ERROR - Erro ao buscar 'franquia digital' em Shopee: 'MarketplaceScraper' object has no attribute '_random_delay'
2025-04-28 01:55:40,977 - marketplace_scraper - INFO - Buscando por 'vender sem estoque' em Shopee
2025-04-28 01:55:41,472 - marketplace_scraper - INFO - Encontrados 0 itens em Shopee
2025-04-28 01:55:41,473 - marketplace_scraper - INFO - Encontrados 0 produtos para 'vender sem estoque' em Shopee
2025-04-28 01:55:41,478 - marketplace_scraper - ERROR - Erro ao buscar 'vender sem estoque' em Shopee: 'MarketplaceScraper' object has no attribute '_random_delay'
2025-04-28 01:55:41,480 - marketplace_scraper - INFO - Buscando por 'produtos para revender' em Shopee
2025-04-28 01:55:41,983 - marketplace_scraper - INFO - Encontrados 0 itens em Shopee
2025-04-28 01:55:41,983 - marketplace_scraper - INFO - Encontrados 0 produtos para 'produtos para revender' em Shopee
2025-04-28 01:55:41,987 - marketplace_scraper - ERROR - Erro ao buscar 'produtos para revender' em Shopee: 'MarketplaceScraper' object has no attribute '_random_delay'
2025-04-28 01:55:41,990 - marketplace_scraper - INFO - Buscando por 'kit revenda' em Shopee
2025-04-28 01:55:42,468 - marketplace_scraper - INFO - Encontrados 0 itens em Shopee
2025-04-28 01:55:42,469 - marketplace_scraper - INFO - Encontrados 0 produtos para 'kit revenda' em Shopee
2025-04-28 01:55:42,470 - marketplace_scraper - ERROR - Erro ao buscar 'kit revenda' em Shopee: 'MarketplaceScraper' object has no attribute '_random_delay'
2025-04-28 01:55:42,472 - marketplace_scraper - INFO - Buscando por 'curso dropshipping' em Shopee
2025-04-28 01:55:42,936 - marketplace_scraper - INFO - Encontrados 0 itens em Shopee
2025-04-28 01:55:42,937 - marketplace_scraper - INFO - Encontrados 0 produtos para 'curso dropshipping' em Shopee
2025-04-28 01:55:42,941 - marketplace_scraper - ERROR - Erro ao buscar 'curso dropshipping' em Shopee: 'MarketplaceScraper' object has no attribute '_random_delay'
2025-04-28 01:55:42,944 - marketplace_scraper - INFO - Buscando por 'método afiliado' em Shopee
2025-04-28 01:55:43,426 - marketplace_scraper - INFO - Encontrados 0 itens em Shopee
2025-04-28 01:55:43,427 - marketplace_scraper - INFO - Encontrados 0 produtos para 'método afiliado' em Shopee
2025-04-28 01:55:43,430 - marketplace_scraper - ERROR - Erro ao buscar 'método afiliado' em Shopee: 'MarketplaceScraper' object has no attribute '_random_delay'
2025-04-28 01:55:43,431 - marketplace_scraper - INFO - Buscando por 'sistema de revenda' em Shopee
2025-04-28 01:55:43,896 - marketplace_scraper - INFO - Encontrados 0 itens em Shopee
2025-04-28 01:55:43,897 - marketplace_scraper - INFO - Encontrados 0 produtos para 'sistema de revenda' em Shopee
2025-04-28 01:55:43,900 - marketplace_scraper - ERROR - Erro ao buscar 'sistema de revenda' em Shopee: 'MarketplaceScraper' object has no attribute '_random_delay'
2025-04-28 01:55:43,902 - marketplace_scraper - INFO - Buscando por 'produtos lucrativos' em Shopee
2025-04-28 01:55:44,428 - marketplace_scraper - INFO - Encontrados 0 itens em Shopee
2025-04-28 01:55:44,428 - marketplace_scraper - INFO - Encontrados 0 produtos para 'produtos lucrativos' em Shopee
2025-04-28 01:55:44,431 - marketplace_scraper - ERROR - Erro ao buscar 'produtos lucrativos' em Shopee: 'MarketplaceScraper' object has no attribute '_random_delay'
2025-04-28 01:55:44,434 - marketplace_scraper - WARNING - Nenhum produto encontrado
2025-04-28 01:55:44,437 - main - WARNING - Nenhum produto de marketplace encontrado.
2025-04-28 01:55:44,438 - main - INFO - Monitorando tendências em redes sociais...
2025-04-28 01:55:44,510 - social_media_monitor - INFO - Inicializado com 3 plataformas configuradas
2025-04-28 01:55:44,511 - social_media_monitor - INFO - Coletando tendências do instagram
2025-04-28 01:55:44,513 - social_media_monitor - INFO - API key para Instagram não configurada, usando dados simulados
2025-04-28 01:55:44,515 - social_media_monitor - INFO - Coletadas 21 tendências do instagram
2025-04-28 01:55:46,522 - social_media_monitor - INFO - Coletando tendências do twitter
2025-04-28 01:55:46,527 - social_media_monitor - INFO - API key para Twitter não configurada, usando dados simulados
2025-04-28 01:55:46,531 - social_media_monitor - INFO - Coletadas 34 tendências do twitter
2025-04-28 01:55:48,533 - social_media_monitor - INFO - Coletando tendências do tiktok
2025-04-28 01:55:48,534 - social_media_monitor - INFO - API key para TikTok não configurada, usando dados simulados
2025-04-28 01:55:48,539 - social_media_monitor - INFO - Coletadas 16 tendências do tiktok
2025-04-28 01:55:50,918 - social_media_monitor - INFO - Total de tendências relevantes: 60
2025-04-28 11:50:10,921 - main - INFO - Iniciando sistema de análise de franquias sem estoque...
2025-04-28 11:50:10,940 - main - INFO - Diretório criado/verificado: logs
2025-04-28 11:50:10,941 - main - INFO - Diretório criado/verificado: output
2025-04-28 11:50:10,941 - main - INFO - Diretório criado/verificado: output/data
2025-04-28 11:50:10,965 - main - INFO - Diretório criado/verificado: output/reports
2025-04-28 11:50:10,966 - main - INFO - Diretório criado/verificado: output/creatives
2025-04-28 11:50:10,966 - main - INFO - Iniciando coleta de dados...
2025-04-28 11:50:10,966 - main - INFO - Coletando dados de franquias...
2025-04-28 11:50:11,015 - franchise_scraper - INFO - Inicializado com 3 fontes configuradas
2025-04-28 11:50:11,015 - franchise_scraper - INFO - Iniciando coleta da fonte: Portal Franquias
2025-04-28 11:50:12,208 - franchise_scraper - WARNING - Tentativa 1/3 falhou: HTTPSConnectionPool(host='www.portaldafranquia.com.br', port=443): Max retries exceeded with url: /franquias/ (Caused by SSLError(SSLEOFError(8, 'EOF occurred in violation of protocol (_ssl.c:997)')))
2025-04-28 11:50:13,339 - franchise_scraper - WARNING - Tentativa 2/3 falhou: HTTPSConnectionPool(host='www.portaldafranquia.com.br', port=443): Max retries exceeded with url: /franquias/ (Caused by SSLError(SSLEOFError(8, 'EOF occurred in violation of protocol (_ssl.c:997)')))
2025-04-28 11:50:13,484 - franchise_scraper - WARNING - Tentativa 3/3 falhou: HTTPSConnectionPool(host='www.portaldafranquia.com.br', port=443): Max retries exceeded with url: /franquias/ (Caused by SSLError(SSLEOFError(8, 'EOF occurred in violation of protocol (_ssl.c:997)')))
2025-04-28 11:50:13,485 - franchise_scraper - ERROR - Todas as tentativas falharam para https://www.portaldafranquia.com.br/franquias/
2025-04-28 11:50:13,489 - franchise_scraper - INFO - Iniciando coleta da fonte: ABF Franquias
2025-04-28 11:50:16,141 - franchise_scraper - WARNING - Requisição falhou com status 404 para https://www.abf.com.br/encontre-uma-franquia/
2025-04-28 11:50:18,356 - franchise_scraper - WARNING - Requisição falhou com status 404 para https://www.abf.com.br/encontre-uma-franquia/
2025-04-28 11:50:20,809 - franchise_scraper - WARNING - Requisição falhou com status 404 para https://www.abf.com.br/encontre-uma-franquia/
2025-04-28 11:50:20,810 - franchise_scraper - ERROR - Todas as tentativas falharam para https://www.abf.com.br/encontre-uma-franquia/
2025-04-28 11:50:20,814 - franchise_scraper - INFO - Iniciando coleta da fonte: Franquias Brasil
2025-04-28 11:50:21,467 - franchise_scraper - INFO - Encontrados 0 itens em Franquias Brasil
2025-04-28 11:50:21,468 - franchise_scraper - INFO - Coletadas 0 oportunidades de Franquias Brasil
2025-04-28 11:50:21,481 - franchise_scraper - WARNING - Nenhuma oportunidade encontrada
2025-04-28 11:50:21,484 - main - WARNING - Nenhuma oportunidade de franquia encontrada.
2025-04-28 11:50:21,484 - main - INFO - Coletando dados de marketplaces...
2025-04-28 11:50:21,508 - marketplace_scraper - INFO - Inicializado com 3 marketplaces configurados
2025-04-28 11:50:21,508 - marketplace_scraper - INFO - Iniciando coleta de Amazon
2025-04-28 11:50:21,510 - marketplace_scraper - INFO - Buscando por 'dropshipping' em Amazon
2025-04-28 11:50:21,725 - marketplace_scraper - WARNING - Requisição falhou com status 503 para https://www.amazon.com.br/s?k=dropshipping
2025-04-28 11:50:21,935 - marketplace_scraper - WARNING - Requisição falhou com status 503 para https://www.amazon.com.br/s?k=dropshipping
2025-04-28 11:50:22,161 - marketplace_scraper - WARNING - Requisição falhou com status 503 para https://www.amazon.com.br/s?k=dropshipping
2025-04-28 11:50:22,162 - marketplace_scraper - ERROR - Todas as tentativas falharam para https://www.amazon.com.br/s?k=dropshipping
2025-04-28 11:50:22,168 - marketplace_scraper - INFO - Buscando por 'revenda sem estoque' em Amazon
2025-04-28 11:50:22,376 - marketplace_scraper - WARNING - Requisição falhou com status 503 para https://www.amazon.com.br/s?k=dropshipping
2025-04-28 11:50:22,594 - marketplace_scraper - WARNING - Requisição falhou com status 503 para https://www.amazon.com.br/s?k=dropshipping
2025-04-28 11:50:24,596 - marketplace_scraper - INFO - Encontrados 48 itens em Amazon
2025-04-28 11:50:24,846 - marketplace_scraper - INFO - Encontrados 0 produtos para 'revenda sem estoque' em Amazon
2025-04-28 11:50:27,437 - marketplace_scraper - INFO - Buscando por 'franquia digital' em Amazon
2025-04-28 11:50:27,649 - marketplace_scraper - WARNING - Requisição falhou com status 503 para https://www.amazon.com.br/s?k=dropshipping
2025-04-28 11:50:27,857 - marketplace_scraper - WARNING - Requisição falhou com status 503 para https://www.amazon.com.br/s?k=dropshipping
2025-04-28 11:50:29,567 - marketplace_scraper - INFO - Encontrados 48 itens em Amazon
2025-04-28 11:50:29,844 - marketplace_scraper - INFO - Encontrados 0 produtos para 'franquia digital' em Amazon
2025-04-28 11:50:31,713 - marketplace_scraper - INFO - Buscando por 'vender sem estoque' em Amazon
2025-04-28 11:50:33,250 - marketplace_scraper - INFO - Encontrados 48 itens em Amazon
2025-04-28 11:50:33,498 - marketplace_scraper - INFO - Encontrados 0 produtos para 'vender sem estoque' em Amazon
2025-04-28 11:50:34,948 - marketplace_scraper - INFO - Buscando por 'produtos para revender' em Amazon
2025-04-28 11:50:35,186 - marketplace_scraper - WARNING - Requisição falhou com status 503 para https://www.amazon.com.br/s?k=dropshipping
2025-04-28 11:50:36,701 - marketplace_scraper - INFO - Encontrados 48 itens em Amazon
2025-04-28 11:50:36,953 - marketplace_scraper - INFO - Encontrados 0 produtos para 'produtos para revender' em Amazon
2025-04-28 11:50:39,713 - marketplace_scraper - INFO - Buscando por 'kit revenda' em Amazon
2025-04-28 11:50:41,288 - marketplace_scraper - INFO - Encontrados 49 itens em Amazon
2025-04-28 11:50:41,545 - marketplace_scraper - INFO - Encontrados 0 produtos para 'kit revenda' em Amazon
2025-04-28 11:50:43,959 - marketplace_scraper - INFO - Buscando por 'curso dropshipping' em Amazon
2025-04-28 11:50:45,739 - marketplace_scraper - INFO - Encontrados 48 itens em Amazon
2025-04-28 11:50:46,015 - marketplace_scraper - INFO - Encontrados 0 produtos para 'curso dropshipping' em Amazon
2025-04-28 11:50:48,827 - marketplace_scraper - INFO - Buscando por 'método afiliado' em Amazon
2025-04-28 11:50:50,397 - marketplace_scraper - INFO - Encontrados 49 itens em Amazon
2025-04-28 11:50:50,650 - marketplace_scraper - INFO - Encontrados 0 produtos para 'método afiliado' em Amazon
2025-04-28 11:50:51,994 - marketplace_scraper - INFO - Buscando por 'sistema de revenda' em Amazon
2025-04-28 11:50:52,205 - marketplace_scraper - WARNING - Requisição falhou com status 503 para https://www.amazon.com.br/s?k=dropshipping
2025-04-28 11:50:52,433 - marketplace_scraper - WARNING - Requisição falhou com status 503 para https://www.amazon.com.br/s?k=dropshipping
2025-04-28 11:50:54,129 - marketplace_scraper - INFO - Encontrados 49 itens em Amazon
2025-04-28 11:50:54,378 - marketplace_scraper - INFO - Encontrados 0 produtos para 'sistema de revenda' em Amazon
2025-04-28 11:50:56,388 - marketplace_scraper - INFO - Buscando por 'produtos lucrativos' em Amazon
2025-04-28 11:50:57,870 - marketplace_scraper - INFO - Encontrados 48 itens em Amazon
2025-04-28 11:50:58,125 - marketplace_scraper - INFO - Encontrados 0 produtos para 'produtos lucrativos' em Amazon
2025-04-28 11:51:00,129 - marketplace_scraper - INFO - Iniciando coleta de Mercado Livre
2025-04-28 11:51:00,129 - marketplace_scraper - INFO - Buscando por 'dropshipping' em Mercado Livre
2025-04-28 11:51:01,466 - marketplace_scraper - INFO - Encontrados 0 itens em Mercado Livre
2025-04-28 11:51:01,467 - marketplace_scraper - INFO - Encontrados 0 produtos para 'dropshipping' em Mercado Livre
2025-04-28 11:51:03,213 - marketplace_scraper - INFO - Buscando por 'revenda sem estoque' em Mercado Livre
2025-04-28 11:51:04,874 - marketplace_scraper - INFO - Encontrados 0 itens em Mercado Livre
2025-04-28 11:51:04,874 - marketplace_scraper - INFO - Encontrados 0 produtos para 'revenda sem estoque' em Mercado Livre
2025-04-28 11:51:07,871 - marketplace_scraper - INFO - Buscando por 'franquia digital' em Mercado Livre
2025-04-28 11:51:10,378 - marketplace_scraper - INFO - Encontrados 0 itens em Mercado Livre
2025-04-28 11:51:10,379 - marketplace_scraper - INFO - Encontrados 0 produtos para 'franquia digital' em Mercado Livre
2025-04-28 11:51:12,509 - marketplace_scraper - INFO - Buscando por 'vender sem estoque' em Mercado Livre
2025-04-28 11:51:14,348 - marketplace_scraper - INFO - Encontrados 0 itens em Mercado Livre
2025-04-28 11:51:14,349 - marketplace_scraper - INFO - Encontrados 0 produtos para 'vender sem estoque' em Mercado Livre
2025-04-28 11:51:17,167 - marketplace_scraper - INFO - Buscando por 'produtos para revender' em Mercado Livre
2025-04-28 11:51:19,933 - marketplace_scraper - INFO - Encontrados 0 itens em Mercado Livre
2025-04-28 11:51:19,934 - marketplace_scraper - INFO - Encontrados 0 produtos para 'produtos para revender' em Mercado Livre
2025-04-28 11:51:22,770 - marketplace_scraper - INFO - Buscando por 'kit revenda' em Mercado Livre
2025-04-28 11:51:25,192 - marketplace_scraper - INFO - Encontrados 0 itens em Mercado Livre
2025-04-28 11:51:25,192 - marketplace_scraper - INFO - Encontrados 0 produtos para 'kit revenda' em Mercado Livre
2025-04-28 11:51:28,014 - marketplace_scraper - INFO - Buscando por 'curso dropshipping' em Mercado Livre
2025-04-28 11:51:30,168 - marketplace_scraper - INFO - Encontrados 0 itens em Mercado Livre
2025-04-28 11:51:30,168 - marketplace_scraper - INFO - Encontrados 0 produtos para 'curso dropshipping' em Mercado Livre
2025-04-28 11:51:31,853 - marketplace_scraper - INFO - Buscando por 'método afiliado' em Mercado Livre
2025-04-28 11:51:34,443 - marketplace_scraper - INFO - Encontrados 0 itens em Mercado Livre
2025-04-28 11:51:34,444 - marketplace_scraper - INFO - Encontrados 0 produtos para 'método afiliado' em Mercado Livre
2025-04-28 11:51:36,501 - marketplace_scraper - INFO - Buscando por 'sistema de revenda' em Mercado Livre
2025-04-28 11:51:38,383 - marketplace_scraper - INFO - Encontrados 0 itens em Mercado Livre
2025-04-28 11:51:38,383 - marketplace_scraper - INFO - Encontrados 0 produtos para 'sistema de revenda' em Mercado Livre
2025-04-28 11:51:39,700 - marketplace_scraper - INFO - Buscando por 'produtos lucrativos' em Mercado Livre
2025-04-28 11:51:42,093 - marketplace_scraper - INFO - Encontrados 0 itens em Mercado Livre
2025-04-28 11:51:42,094 - marketplace_scraper - INFO - Encontrados 0 produtos para 'produtos lucrativos' em Mercado Livre
2025-04-28 11:51:44,810 - marketplace_scraper - INFO - Iniciando coleta de Shopee
2025-04-28 11:51:44,811 - marketplace_scraper - INFO - Buscando por 'dropshipping' em Shopee
2025-04-28 11:51:45,427 - marketplace_scraper - INFO - Encontrados 0 itens em Shopee
2025-04-28 11:51:45,428 - marketplace_scraper - INFO - Encontrados 0 produtos para 'dropshipping' em Shopee
2025-04-28 11:51:48,337 - marketplace_scraper - INFO - Buscando por 'revenda sem estoque' em Shopee
2025-04-28 11:51:48,977 - marketplace_scraper - INFO - Encontrados 0 itens em Shopee
2025-04-28 11:51:48,978 - marketplace_scraper - INFO - Encontrados 0 produtos para 'revenda sem estoque' em Shopee
2025-04-28 11:51:51,292 - marketplace_scraper - INFO - Buscando por 'franquia digital' em Shopee
2025-04-28 11:51:51,907 - marketplace_scraper - INFO - Encontrados 0 itens em Shopee
2025-04-28 11:51:51,908 - marketplace_scraper - INFO - Encontrados 0 produtos para 'franquia digital' em Shopee
2025-04-28 11:51:53,674 - marketplace_scraper - INFO - Buscando por 'vender sem estoque' em Shopee
2025-04-28 11:51:54,312 - marketplace_scraper - INFO - Encontrados 0 itens em Shopee
2025-04-28 11:51:54,313 - marketplace_scraper - INFO - Encontrados 0 produtos para 'vender sem estoque' em Shopee
2025-04-28 11:51:57,266 - marketplace_scraper - INFO - Buscando por 'produtos para revender' em Shopee
2025-04-28 11:51:58,080 - marketplace_scraper - INFO - Encontrados 0 itens em Shopee
2025-04-28 11:51:58,081 - marketplace_scraper - INFO - Encontrados 0 produtos para 'produtos para revender' em Shopee
2025-04-28 11:51:59,759 - marketplace_scraper - INFO - Buscando por 'kit revenda' em Shopee
2025-04-28 11:52:00,390 - marketplace_scraper - INFO - Encontrados 0 itens em Shopee
2025-04-28 11:52:00,392 - marketplace_scraper - INFO - Encontrados 0 produtos para 'kit revenda' em Shopee
2025-04-28 11:52:02,122 - marketplace_scraper - INFO - Buscando por 'curso dropshipping' em Shopee
2025-04-28 11:52:02,733 - marketplace_scraper - INFO - Encontrados 0 itens em Shopee
2025-04-28 11:52:02,733 - marketplace_scraper - INFO - Encontrados 0 produtos para 'curso dropshipping' em Shopee
2025-04-28 11:52:05,017 - marketplace_scraper - INFO - Buscando por 'método afiliado' em Shopee
2025-04-28 11:52:05,627 - marketplace_scraper - INFO - Encontrados 0 itens em Shopee
2025-04-28 11:52:05,628 - marketplace_scraper - INFO - Encontrados 0 produtos para 'método afiliado' em Shopee
2025-04-28 11:52:07,945 - marketplace_scraper - INFO - Buscando por 'sistema de revenda' em Shopee
2025-04-28 11:52:08,553 - marketplace_scraper - INFO - Encontrados 0 itens em Shopee
2025-04-28 11:52:08,554 - marketplace_scraper - INFO - Encontrados 0 produtos para 'sistema de revenda' em Shopee
2025-04-28 11:52:10,652 - marketplace_scraper - INFO - Buscando por 'produtos lucrativos' em Shopee
2025-04-28 11:52:11,252 - marketplace_scraper - INFO - Encontrados 0 itens em Shopee
2025-04-28 11:52:11,253 - marketplace_scraper - INFO - Encontrados 0 produtos para 'produtos lucrativos' em Shopee
2025-04-28 11:52:12,596 - marketplace_scraper - WARNING - Nenhum produto encontrado
2025-04-28 11:52:12,599 - main - WARNING - Nenhum produto de marketplace encontrado.
2025-04-28 11:52:12,600 - main - INFO - Monitorando tendências em redes sociais...
2025-04-28 11:52:12,619 - social_media_monitor - INFO - Inicializado com 3 plataformas configuradas
2025-04-28 11:52:12,620 - social_media_monitor - INFO - Coletando tendências do instagram
2025-04-28 11:52:12,623 - social_media_monitor - INFO - API key para Instagram não configurada, usando dados simulados
2025-04-28 11:52:12,627 - social_media_monitor - INFO - Coletadas 22 tendências do instagram
2025-04-28 11:52:14,643 - social_media_monitor - INFO - Coletando tendências do twitter
2025-04-28 11:52:14,646 - social_media_monitor - INFO - API key para Twitter não configurada, usando dados simulados
2025-04-28 11:52:14,650 - social_media_monitor - INFO - Coletadas 34 tendências do twitter
2025-04-28 11:52:16,663 - social_media_monitor - INFO - Coletando tendências do tiktok
2025-04-28 11:52:16,666 - social_media_monitor - INFO - API key para TikTok não configurada, usando dados simulados
2025-04-28 11:52:16,673 - social_media_monitor - INFO - Coletadas 22 tendências do tiktok
2025-04-28 11:52:19,356 - social_media_monitor - INFO - Total de tendências relevantes: 64
2025-04-28 11:52:19,465 - social_media_monitor - INFO - Dados salvos em output/data/social_media_trends.csv
2025-04-28 11:52:19,466 - main - INFO - Coletadas 64 tendências de redes sociais.
2025-04-28 11:52:19,471 - main - INFO - Coletando estatísticas de vendas...
2025-04-28 11:52:19,500 - sales_data_collector - INFO - Inicializado com 3 fontes configuradas
2025-04-28 11:52:19,501 - sales_data_collector - INFO - Coletando dados de vendas de marketplace_api
2025-04-28 11:52:19,502 - sales_data_collector - INFO - API key para marketplace não configurada, usando dados simulados
2025-04-28 11:52:19,821 - sales_data_collector - INFO - Coletados 8100 registros de vendas de marketplace_api
2025-04-28 11:52:21,824 - sales_data_collector - INFO - Coletando dados de vendas de affiliate_networks
2025-04-28 11:52:22,027 - sales_data_collector - INFO - Coletados 4247 registros de vendas de affiliate_networks
2025-04-28 11:52:24,035 - sales_data_collector - INFO - Coletando dados de vendas de ecommerce
2025-04-28 11:52:24,222 - sales_data_collector - INFO - Coletados 3987 registros de vendas de ecommerce
2025-04-28 11:52:26,691 - sales_data_collector - INFO - Total de dados de vendas relevantes: 15545
2025-04-28 11:52:27,320 - sales_data_collector - INFO - Dados salvos em output/data/sales_data.csv
2025-04-28 11:52:27,320 - main - INFO - Coletados 15545 registros de vendas.
2025-04-28 11:52:27,322 - main - INFO - Analisando resultados...
2025-04-28 11:52:27,325 - sales_data_collector - INFO - Inicializado com 3 fontes configuradas
2025-04-28 11:52:27,725 - main - INFO - Top produtos por comissão identificados: 10
2025-04-28 11:52:27,737 - main - INFO - Desempenho por categoria analisado: 11 categorias
2025-04-28 11:52:27,739 - main - INFO - Top tendências identificadas: 10
2025-04-28 11:52:27,741 - main - INFO - Identificando as melhores oportunidades...
2025-04-28 11:52:27,802 - main - INFO - Identificadas 3 melhores oportunidades.
2025-04-28 11:52:27,803 - main - INFO - Gerando relatório...
2025-04-28 11:52:27,849 - main - INFO - Relatório salvo em: output/reports/top_opportunities_2025-04-28_11-52-27.csv
2025-04-28 11:52:27,850 - main - INFO - Processo finalizado com sucesso. Relatório gerado: output/reports/top_opportunities_2025-04-28_11-52-27.csv
2025-04-28 12:21:25,001 - main - INFO - Iniciando sistema de análise de franquias sem estoque...
2025-04-28 12:21:25,029 - main - INFO - Diretório criado/verificado: logs
2025-04-28 12:21:25,056 - main - INFO - Diretório criado/verificado: output
2025-04-28 12:21:25,069 - main - INFO - Diretório criado/verificado: output/data
2025-04-28 12:21:25,085 - main - INFO - Diretório criado/verificado: output/reports
2025-04-28 12:21:25,086 - main - INFO - Diretório criado/verificado: output/creatives
2025-04-28 12:21:25,091 - main - INFO - Iniciando coleta de dados...
2025-04-28 12:21:25,093 - main - INFO - Coletando dados de franquias...
2025-04-28 12:21:25,115 - franchise_scraper - INFO - Inicializado com 3 fontes configuradas
2025-04-28 12:21:25,116 - franchise_scraper - INFO - Iniciando coleta da fonte: Portal Franquias
2025-04-28 12:21:26,628 - franchise_scraper - WARNING - Tentativa 1/3 falhou: HTTPSConnectionPool(host='www.portaldafranquia.com.br', port=443): Max retries exceeded with url: /franquias/ (Caused by SSLError(SSLEOFError(8, 'EOF occurred in violation of protocol (_ssl.c:997)')))
2025-04-28 12:21:26,759 - franchise_scraper - WARNING - Tentativa 2/3 falhou: HTTPSConnectionPool(host='www.portaldafranquia.com.br', port=443): Max retries exceeded with url: /franquias/ (Caused by SSLError(SSLEOFError(8, 'EOF occurred in violation of protocol (_ssl.c:997)')))
2025-04-28 12:21:27,912 - franchise_scraper - WARNING - Tentativa 3/3 falhou: HTTPSConnectionPool(host='www.portaldafranquia.com.br', port=443): Max retries exceeded with url: /franquias/ (Caused by SSLError(SSLEOFError(8, 'EOF occurred in violation of protocol (_ssl.c:997)')))
2025-04-28 12:21:27,914 - franchise_scraper - ERROR - Todas as tentativas falharam para https://www.portaldafranquia.com.br/franquias/
2025-04-28 12:21:27,918 - franchise_scraper - INFO - Iniciando coleta da fonte: ABF Franquias
2025-04-28 12:21:30,406 - franchise_scraper - WARNING - Requisição falhou com status 404 para https://www.abf.com.br/encontre-uma-franquia/
2025-04-28 12:21:32,842 - franchise_scraper - WARNING - Requisição falhou com status 404 para https://www.abf.com.br/encontre-uma-franquia/
2025-04-28 12:21:35,404 - franchise_scraper - WARNING - Requisição falhou com status 404 para https://www.abf.com.br/encontre-uma-franquia/
2025-04-28 12:21:35,405 - franchise_scraper - ERROR - Todas as tentativas falharam para https://www.abf.com.br/encontre-uma-franquia/
2025-04-28 12:21:35,411 - franchise_scraper - INFO - Iniciando coleta da fonte: Franquias Brasil
2025-04-28 12:21:36,753 - franchise_scraper - INFO - Encontrados 0 itens em Franquias Brasil
2025-04-28 12:21:36,754 - franchise_scraper - INFO - Coletadas 0 oportunidades de Franquias Brasil
2025-04-28 12:21:36,970 - franchise_scraper - WARNING - Nenhuma oportunidade encontrada
2025-04-28 12:21:36,976 - main - WARNING - Nenhuma oportunidade de franquia encontrada.
2025-04-28 12:21:36,977 - main - INFO - Coletando dados de marketplaces...
2025-04-28 12:21:36,997 - marketplace_scraper - INFO - Inicializado com 3 marketplaces configurados
2025-04-28 12:21:36,998 - marketplace_scraper - INFO - Iniciando coleta de Amazon
2025-04-28 12:21:37,001 - marketplace_scraper - INFO - Buscando por 'dropshipping' em Amazon
2025-04-28 12:21:38,644 - marketplace_scraper - INFO - Encontrados 49 itens em Amazon
2025-04-28 12:21:38,902 - marketplace_scraper - INFO - Encontrados 0 produtos para 'dropshipping' em Amazon
2025-04-28 12:21:41,444 - marketplace_scraper - INFO - Buscando por 'revenda sem estoque' em Amazon
2025-04-28 12:21:41,650 - marketplace_scraper - WARNING - Requisição falhou com status 503 para https://www.amazon.com.br/s?k=dropshipping
2025-04-28 12:21:41,904 - marketplace_scraper - WARNING - Requisição falhou com status 503 para https://www.amazon.com.br/s?k=dropshipping
2025-04-28 12:21:43,482 - marketplace_scraper - INFO - Encontrados 49 itens em Amazon
2025-04-28 12:21:43,741 - marketplace_scraper - INFO - Encontrados 0 produtos para 'revenda sem estoque' em Amazon
2025-04-28 12:21:45,537 - marketplace_scraper - INFO - Buscando por 'franquia digital' em Amazon
2025-04-28 12:21:47,415 - marketplace_scraper - INFO - Encontrados 49 itens em Amazon
2025-04-28 12:21:47,705 - marketplace_scraper - INFO - Encontrados 0 produtos para 'franquia digital' em Amazon
2025-04-28 12:21:49,153 - marketplace_scraper - INFO - Buscando por 'vender sem estoque' em Amazon
2025-04-28 12:21:49,665 - marketplace_scraper - WARNING - Requisição falhou com status 503 para https://www.amazon.com.br/s?k=dropshipping
2025-04-28 12:21:49,877 - marketplace_scraper - WARNING - Requisição falhou com status 503 para https://www.amazon.com.br/s?k=dropshipping
2025-04-28 12:21:51,337 - marketplace_scraper - INFO - Encontrados 49 itens em Amazon
2025-04-28 12:21:51,611 - marketplace_scraper - INFO - Encontrados 0 produtos para 'vender sem estoque' em Amazon
2025-04-28 12:21:53,445 - marketplace_scraper - INFO - Buscando por 'produtos para revender' em Amazon
2025-04-28 12:21:53,653 - marketplace_scraper - WARNING - Requisição falhou com status 503 para https://www.amazon.com.br/s?k=dropshipping
2025-04-28 12:21:55,328 - marketplace_scraper - INFO - Encontrados 49 itens em Amazon
2025-04-28 12:21:55,589 - marketplace_scraper - INFO - Encontrados 0 produtos para 'produtos para revender' em Amazon
2025-04-28 12:21:56,686 - marketplace_scraper - INFO - Buscando por 'kit revenda' em Amazon
2025-04-28 12:21:58,369 - marketplace_scraper - INFO - Encontrados 49 itens em Amazon
2025-04-28 12:21:58,675 - marketplace_scraper - INFO - Encontrados 0 produtos para 'kit revenda' em Amazon
2025-04-28 12:22:00,089 - marketplace_scraper - INFO - Buscando por 'curso dropshipping' em Amazon
2025-04-28 12:22:00,294 - marketplace_scraper - WARNING - Requisição falhou com status 503 para https://www.amazon.com.br/s?k=dropshipping
2025-04-28 12:22:01,991 - marketplace_scraper - INFO - Encontrados 49 itens em Amazon
2025-04-28 12:22:02,249 - marketplace_scraper - INFO - Encontrados 0 produtos para 'curso dropshipping' em Amazon
2025-04-28 12:22:04,989 - marketplace_scraper - INFO - Buscando por 'método afiliado' em Amazon
2025-04-28 12:22:06,939 - marketplace_scraper - INFO - Encontrados 49 itens em Amazon
2025-04-28 12:22:07,226 - marketplace_scraper - INFO - Encontrados 0 produtos para 'método afiliado' em Amazon
2025-04-28 12:22:08,734 - marketplace_scraper - INFO - Buscando por 'sistema de revenda' em Amazon
2025-04-28 12:22:08,954 - marketplace_scraper - WARNING - Requisição falhou com status 503 para https://www.amazon.com.br/s?k=dropshipping
2025-04-28 12:22:09,171 - marketplace_scraper - WARNING - Requisição falhou com status 503 para https://www.amazon.com.br/s?k=dropshipping
2025-04-28 12:22:09,375 - marketplace_scraper - WARNING - Requisição falhou com status 503 para https://www.amazon.com.br/s?k=dropshipping
2025-04-28 12:22:09,376 - marketplace_scraper - ERROR - Todas as tentativas falharam para https://www.amazon.com.br/s?k=dropshipping
2025-04-28 12:22:09,381 - marketplace_scraper - INFO - Buscando por 'produtos lucrativos' em Amazon
2025-04-28 12:22:09,580 - marketplace_scraper - WARNING - Requisição falhou com status 503 para https://www.amazon.com.br/s?k=dropshipping
2025-04-28 12:22:09,783 - marketplace_scraper - WARNING - Requisição falhou com status 503 para https://www.amazon.com.br/s?k=dropshipping
2025-04-28 12:22:11,701 - marketplace_scraper - INFO - Encontrados 49 itens em Amazon
2025-04-28 12:22:12,421 - marketplace_scraper - INFO - Encontrados 0 produtos para 'produtos lucrativos' em Amazon
2025-04-28 12:22:13,658 - marketplace_scraper - INFO - Iniciando coleta de Mercado Livre
2025-04-28 12:22:13,661 - marketplace_scraper - INFO - Buscando por 'dropshipping' em Mercado Livre
2025-04-28 12:22:15,071 - marketplace_scraper - INFO - Encontrados 0 itens em Mercado Livre
2025-04-28 12:22:15,071 - marketplace_scraper - INFO - Encontrados 0 produtos para 'dropshipping' em Mercado Livre
2025-04-28 12:22:17,003 - marketplace_scraper - INFO - Buscando por 'revenda sem estoque' em Mercado Livre
2025-04-28 12:22:18,634 - marketplace_scraper - INFO - Encontrados 0 itens em Mercado Livre
2025-04-28 12:22:18,635 - marketplace_scraper - INFO - Encontrados 0 produtos para 'revenda sem estoque' em Mercado Livre
2025-04-28 12:22:21,073 - marketplace_scraper - INFO - Buscando por 'franquia digital' em Mercado Livre
2025-04-28 12:22:23,132 - marketplace_scraper - INFO - Encontrados 0 itens em Mercado Livre
2025-04-28 12:22:23,132 - marketplace_scraper - INFO - Encontrados 0 produtos para 'franquia digital' em Mercado Livre
2025-04-28 12:22:24,238 - marketplace_scraper - INFO - Buscando por 'vender sem estoque' em Mercado Livre
2025-04-28 12:22:26,737 - marketplace_scraper - INFO - Encontrados 0 itens em Mercado Livre
2025-04-28 12:22:26,737 - marketplace_scraper - INFO - Encontrados 0 produtos para 'vender sem estoque' em Mercado Livre
2025-04-28 12:22:27,992 - marketplace_scraper - INFO - Buscando por 'produtos para revender' em Mercado Livre
2025-04-28 12:22:30,503 - marketplace_scraper - INFO - Encontrados 0 itens em Mercado Livre
2025-04-28 12:22:30,503 - marketplace_scraper - INFO - Encontrados 0 produtos para 'produtos para revender' em Mercado Livre
2025-04-28 12:22:33,032 - marketplace_scraper - INFO - Buscando por 'kit revenda' em Mercado Livre
2025-04-28 12:22:35,383 - marketplace_scraper - INFO - Encontrados 0 itens em Mercado Livre
2025-04-28 12:22:35,384 - marketplace_scraper - INFO - Encontrados 0 produtos para 'kit revenda' em Mercado Livre
2025-04-28 12:22:37,181 - marketplace_scraper - INFO - Buscando por 'curso dropshipping' em Mercado Livre
2025-04-28 12:22:38,996 - marketplace_scraper - INFO - Encontrados 0 itens em Mercado Livre
2025-04-28 12:22:38,998 - marketplace_scraper - INFO - Encontrados 0 produtos para 'curso dropshipping' em Mercado Livre
2025-04-28 12:22:41,046 - marketplace_scraper - INFO - Buscando por 'método afiliado' em Mercado Livre
2025-04-28 12:22:43,741 - marketplace_scraper - INFO - Encontrados 0 itens em Mercado Livre
2025-04-28 12:22:43,742 - marketplace_scraper - INFO - Encontrados 0 produtos para 'método afiliado' em Mercado Livre
2025-04-28 12:22:46,163 - marketplace_scraper - INFO - Buscando por 'sistema de revenda' em Mercado Livre
2025-04-28 12:22:48,234 - marketplace_scraper - INFO - Encontrados 0 itens em Mercado Livre
2025-04-28 12:22:48,235 - marketplace_scraper - INFO - Encontrados 0 produtos para 'sistema de revenda' em Mercado Livre
2025-04-28 12:22:50,345 - marketplace_scraper - INFO - Buscando por 'produtos lucrativos' em Mercado Livre
2025-04-28 12:22:52,554 - marketplace_scraper - INFO - Encontrados 0 itens em Mercado Livre
2025-04-28 12:22:52,554 - marketplace_scraper - INFO - Encontrados 0 produtos para 'produtos lucrativos' em Mercado Livre
2025-04-28 12:22:54,517 - marketplace_scraper - INFO - Iniciando coleta de Shopee
2025-04-28 12:22:54,517 - marketplace_scraper - INFO - Buscando por 'dropshipping' em Shopee
2025-04-28 12:22:55,156 - marketplace_scraper - INFO - Encontrados 0 itens em Shopee
2025-04-28 12:22:55,157 - marketplace_scraper - INFO - Encontrados 0 produtos para 'dropshipping' em Shopee
2025-04-28 12:22:56,596 - marketplace_scraper - INFO - Buscando por 'revenda sem estoque' em Shopee
2025-04-28 12:22:57,199 - marketplace_scraper - INFO - Encontrados 0 itens em Shopee
2025-04-28 12:22:57,200 - marketplace_scraper - INFO - Encontrados 0 produtos para 'revenda sem estoque' em Shopee
2025-04-28 12:22:58,446 - marketplace_scraper - INFO - Buscando por 'franquia digital' em Shopee
2025-04-28 12:22:59,070 - marketplace_scraper - INFO - Encontrados 0 itens em Shopee
2025-04-28 12:22:59,072 - marketplace_scraper - INFO - Encontrados 0 produtos para 'franquia digital' em Shopee
2025-04-28 12:23:00,916 - marketplace_scraper - INFO - Buscando por 'vender sem estoque' em Shopee
2025-04-28 12:23:01,539 - marketplace_scraper - INFO - Encontrados 0 itens em Shopee
2025-04-28 12:23:01,539 - marketplace_scraper - INFO - Encontrados 0 produtos para 'vender sem estoque' em Shopee
2025-04-28 12:23:03,642 - marketplace_scraper - INFO - Buscando por 'produtos para revender' em Shopee
2025-04-28 12:23:04,372 - marketplace_scraper - INFO - Encontrados 0 itens em Shopee
2025-04-28 12:23:04,372 - marketplace_scraper - INFO - Encontrados 0 produtos para 'produtos para revender' em Shopee
2025-04-28 12:23:06,803 - marketplace_scraper - INFO - Buscando por 'kit revenda' em Shopee
2025-04-28 12:23:07,428 - marketplace_scraper - INFO - Encontrados 0 itens em Shopee
2025-04-28 12:23:07,429 - marketplace_scraper - INFO - Encontrados 0 produtos para 'kit revenda' em Shopee
2025-04-28 12:23:08,623 - marketplace_scraper - INFO - Buscando por 'curso dropshipping' em Shopee
2025-04-28 12:23:09,229 - marketplace_scraper - INFO - Encontrados 0 itens em Shopee
2025-04-28 12:23:09,230 - marketplace_scraper - INFO - Encontrados 0 produtos para 'curso dropshipping' em Shopee
2025-04-28 12:23:11,202 - marketplace_scraper - INFO - Buscando por 'método afiliado' em Shopee
2025-04-28 12:23:11,821 - marketplace_scraper - INFO - Encontrados 0 itens em Shopee
2025-04-28 12:23:11,822 - marketplace_scraper - INFO - Encontrados 0 produtos para 'método afiliado' em Shopee
2025-04-28 12:23:13,011 - marketplace_scraper - INFO - Buscando por 'sistema de revenda' em Shopee
2025-04-28 12:23:13,650 - marketplace_scraper - INFO - Encontrados 0 itens em Shopee
2025-04-28 12:23:13,653 - marketplace_scraper - INFO - Encontrados 0 produtos para 'sistema de revenda' em Shopee
2025-04-28 12:23:15,371 - marketplace_scraper - INFO - Buscando por 'produtos lucrativos' em Shopee
2025-04-28 12:23:15,988 - marketplace_scraper - INFO - Encontrados 0 itens em Shopee
2025-04-28 12:23:15,989 - marketplace_scraper - INFO - Encontrados 0 produtos para 'produtos lucrativos' em Shopee
2025-04-28 12:23:18,329 - marketplace_scraper - WARNING - Nenhum produto encontrado
2025-04-28 12:23:18,331 - main - WARNING - Nenhum produto de marketplace encontrado.
2025-04-28 12:23:18,333 - main - INFO - Monitorando tendências em redes sociais...
2025-04-28 12:23:18,376 - social_media_monitor - INFO - Inicializado com 3 plataformas configuradas
2025-04-28 12:23:18,378 - social_media_monitor - INFO - Coletando tendências do instagram
2025-04-28 12:23:18,383 - social_media_monitor - INFO - API key para Instagram não configurada, usando dados simulados
2025-04-28 12:23:18,389 - social_media_monitor - INFO - Coletadas 27 tendências do instagram
2025-04-28 12:23:20,405 - social_media_monitor - INFO - Coletando tendências do twitter
2025-04-28 12:23:20,406 - social_media_monitor - INFO - API key para Twitter não configurada, usando dados simulados
2025-04-28 12:23:20,414 - social_media_monitor - INFO - Coletadas 34 tendências do twitter
2025-04-28 12:23:22,429 - social_media_monitor - INFO - Coletando tendências do tiktok
2025-04-28 12:23:22,429 - social_media_monitor - INFO - API key para TikTok não configurada, usando dados simulados
2025-04-28 12:23:22,435 - social_media_monitor - INFO - Coletadas 16 tendências do tiktok
2025-04-28 12:23:25,102 - social_media_monitor - INFO - Total de tendências relevantes: 66
2025-04-28 12:23:25,246 - social_media_monitor - INFO - Dados salvos em output/data/social_media_trends.csv
2025-04-28 12:23:25,247 - main - INFO - Coletadas 66 tendências de redes sociais.
2025-04-28 12:23:25,251 - main - INFO - Coletando estatísticas de vendas...
2025-04-28 12:23:25,290 - sales_data_collector - INFO - Inicializado com 3 fontes configuradas
2025-04-28 12:23:25,291 - sales_data_collector - INFO - Coletando dados de vendas de marketplace_api
2025-04-28 12:23:25,293 - sales_data_collector - INFO - API key para marketplace não configurada, usando dados simulados
2025-04-28 12:23:25,622 - sales_data_collector - INFO - Coletados 8100 registros de vendas de marketplace_api
2025-04-28 12:23:27,633 - sales_data_collector - INFO - Coletando dados de vendas de affiliate_networks
2025-04-28 12:23:27,852 - sales_data_collector - INFO - Coletados 4213 registros de vendas de affiliate_networks
2025-04-28 12:23:29,855 - sales_data_collector - INFO - Coletando dados de vendas de ecommerce
2025-04-28 12:23:30,057 - sales_data_collector - INFO - Coletados 3974 registros de vendas de ecommerce
2025-04-28 12:23:32,545 - sales_data_collector - INFO - Total de dados de vendas relevantes: 15508
2025-04-28 12:23:33,411 - sales_data_collector - INFO - Dados salvos em output/data/sales_data.csv
2025-04-28 12:23:33,413 - main - INFO - Coletados 15508 registros de vendas.
2025-04-28 12:23:33,418 - main - INFO - Analisando resultados...
2025-04-28 12:23:33,420 - sales_data_collector - INFO - Inicializado com 3 fontes configuradas
2025-04-28 12:23:33,924 - main - INFO - Top produtos por comissão identificados: 10
2025-04-28 12:23:33,933 - main - INFO - Desempenho por categoria analisado: 11 categorias
2025-04-28 12:23:33,935 - main - INFO - Top tendências identificadas: 10
2025-04-28 12:23:33,936 - main - INFO - Identificando as melhores oportunidades...
2025-04-28 12:23:33,979 - main - INFO - Identificadas 3 melhores oportunidades.
2025-04-28 12:23:33,979 - main - INFO - Gerando relatório...
2025-04-28 12:23:34,087 - main - INFO - Relatório salvo em: output/reports/top_opportunities_2025-04-28_12-23-33.csv
2025-04-28 12:23:34,089 - main - INFO - Processo finalizado com sucesso. Relatório gerado: output/reports/top_opportunities_2025-04-28_12-23-33.csv
2025-04-29 19:10:45,702 - main - INFO - Iniciando sistema de análise de franquias sem estoque...
2025-04-29 19:10:45,725 - main - INFO - Diretório criado/verificado: logs
2025-04-29 19:10:45,726 - main - INFO - Diretório criado/verificado: output
2025-04-29 19:10:45,746 - main - INFO - Diretório criado/verificado: output/data
2025-04-29 19:10:45,747 - main - INFO - Diretório criado/verificado: output/reports
2025-04-29 19:10:45,748 - main - INFO - Diretório criado/verificado: output/creatives
2025-04-29 19:10:45,748 - main - INFO - Iniciando coleta de dados...
2025-04-29 19:10:45,749 - main - INFO - Coletando dados de franquias...
2025-04-29 19:10:46,165 - franchise_scraper - INFO - Inicializado com 3 fontes configuradas
2025-04-29 19:10:46,167 - franchise_scraper - INFO - Iniciando coleta da fonte: Portal Franquias
2025-04-29 19:10:47,429 - franchise_scraper - WARNING - Tentativa 1/3 falhou: HTTPSConnectionPool(host='www.portaldafranquia.com.br', port=443): Max retries exceeded with url: /franquias/ (Caused by SSLError(SSLEOFError(8, 'EOF occurred in violation of protocol (_ssl.c:997)')))
2025-04-29 19:10:47,557 - franchise_scraper - WARNING - Tentativa 2/3 falhou: HTTPSConnectionPool(host='www.portaldafranquia.com.br', port=443): Max retries exceeded with url: /franquias/ (Caused by SSLError(SSLEOFError(8, 'EOF occurred in violation of protocol (_ssl.c:997)')))
2025-04-29 19:10:47,710 - franchise_scraper - WARNING - Tentativa 3/3 falhou: HTTPSConnectionPool(host='www.portaldafranquia.com.br', port=443): Max retries exceeded with url: /franquias/ (Caused by SSLError(SSLEOFError(8, 'EOF occurred in violation of protocol (_ssl.c:997)')))
2025-04-29 19:10:47,711 - franchise_scraper - ERROR - Todas as tentativas falharam para https://www.portaldafranquia.com.br/franquias/
2025-04-29 19:10:47,712 - franchise_scraper - INFO - Iniciando coleta da fonte: ABF Franquias
2025-04-29 19:10:49,796 - franchise_scraper - WARNING - Requisição falhou com status 404 para https://www.abf.com.br/encontre-uma-franquia/
2025-04-29 19:10:51,926 - franchise_scraper - WARNING - Requisição falhou com status 404 para https://www.abf.com.br/encontre-uma-franquia/
2025-04-29 19:10:54,051 - franchise_scraper - WARNING - Requisição falhou com status 404 para https://www.abf.com.br/encontre-uma-franquia/
2025-04-29 19:10:54,052 - franchise_scraper - ERROR - Todas as tentativas falharam para https://www.abf.com.br/encontre-uma-franquia/
2025-04-29 19:10:54,054 - franchise_scraper - INFO - Iniciando coleta da fonte: Franquias Brasil
2025-04-29 19:10:55,015 - franchise_scraper - INFO - Encontrados 0 itens em Franquias Brasil
2025-04-29 19:10:55,019 - franchise_scraper - INFO - Coletadas 0 oportunidades de Franquias Brasil
2025-04-29 19:10:55,238 - franchise_scraper - WARNING - Nenhuma oportunidade encontrada
2025-04-29 19:10:55,275 - main - WARNING - Nenhuma oportunidade de franquia encontrada.
2025-04-29 19:10:55,298 - main - INFO - Coletando dados de marketplaces...
2025-04-29 19:10:55,497 - marketplace_scraper - INFO - Inicializado com 3 marketplaces configurados
2025-04-29 19:10:55,562 - marketplace_scraper - INFO - Iniciando coleta de Amazon
2025-04-29 19:10:55,573 - marketplace_scraper - INFO - Buscando por 'dropshipping' em Amazon
2025-04-29 19:10:55,928 - marketplace_scraper - WARNING - Requisição falhou com status 503 para https://www.amazon.com.br/s?k=dropshipping
2025-04-29 19:10:56,132 - marketplace_scraper - WARNING - Requisição falhou com status 503 para https://www.amazon.com.br/s?k=dropshipping
2025-04-29 19:10:56,375 - marketplace_scraper - WARNING - Requisição falhou com status 503 para https://www.amazon.com.br/s?k=dropshipping
2025-04-29 19:10:56,376 - marketplace_scraper - ERROR - Todas as tentativas falharam para https://www.amazon.com.br/s?k=dropshipping
2025-04-29 19:10:56,383 - marketplace_scraper - INFO - Buscando por 'revenda sem estoque' em Amazon
2025-04-29 19:10:59,078 - marketplace_scraper - INFO - Encontrados 48 itens em Amazon
2025-04-29 19:11:00,395 - marketplace_scraper - INFO - Encontrados 0 produtos para 'revenda sem estoque' em Amazon
2025-04-29 19:11:02,768 - marketplace_scraper - INFO - Buscando por 'franquia digital' em Amazon
2025-04-29 19:11:05,210 - marketplace_scraper - INFO - Encontrados 50 itens em Amazon
2025-04-29 19:11:05,600 - marketplace_scraper - INFO - Encontrados 0 produtos para 'franquia digital' em Amazon
2025-04-29 19:11:06,835 - marketplace_scraper - INFO - Buscando por 'vender sem estoque' em Amazon
2025-04-29 19:11:07,060 - marketplace_scraper - WARNING - Requisição falhou com status 503 para https://www.amazon.com.br/s?k=dropshipping
2025-04-29 19:11:07,275 - marketplace_scraper - WARNING - Requisição falhou com status 503 para https://www.amazon.com.br/s?k=dropshipping
2025-04-29 19:11:07,482 - marketplace_scraper - WARNING - Requisição falhou com status 503 para https://www.amazon.com.br/s?k=dropshipping
2025-04-29 19:11:07,482 - marketplace_scraper - ERROR - Todas as tentativas falharam para https://www.amazon.com.br/s?k=dropshipping
2025-04-29 19:11:07,491 - marketplace_scraper - INFO - Buscando por 'produtos para revender' em Amazon
2025-04-29 19:11:08,019 - marketplace_scraper - WARNING - Requisição falhou com status 503 para https://www.amazon.com.br/s?k=dropshipping
2025-04-29 19:11:08,228 - marketplace_scraper - WARNING - Requisição falhou com status 503 para https://www.amazon.com.br/s?k=dropshipping
2025-04-29 19:11:08,458 - marketplace_scraper - WARNING - Requisição falhou com status 503 para https://www.amazon.com.br/s?k=dropshipping
2025-04-29 19:11:08,458 - marketplace_scraper - ERROR - Todas as tentativas falharam para https://www.amazon.com.br/s?k=dropshipping
2025-04-29 19:11:08,463 - marketplace_scraper - INFO - Buscando por 'kit revenda' em Amazon
2025-04-29 19:11:08,963 - marketplace_scraper - WARNING - Requisição falhou com status 503 para https://www.amazon.com.br/s?k=dropshipping
2025-04-29 19:11:09,513 - marketplace_scraper - WARNING - Requisição falhou com status 503 para https://www.amazon.com.br/s?k=dropshipping
2025-04-29 19:11:09,940 - marketplace_scraper - WARNING - Requisição falhou com status 503 para https://www.amazon.com.br/s?k=dropshipping
2025-04-29 19:11:09,941 - marketplace_scraper - ERROR - Todas as tentativas falharam para https://www.amazon.com.br/s?k=dropshipping
2025-04-29 19:11:09,948 - marketplace_scraper - INFO - Buscando por 'curso dropshipping' em Amazon
2025-04-29 19:11:13,496 - marketplace_scraper - INFO - Encontrados 50 itens em Amazon
2025-04-29 19:11:14,014 - marketplace_scraper - INFO - Encontrados 0 produtos para 'curso dropshipping' em Amazon
2025-04-29 19:11:16,919 - marketplace_scraper - INFO - Buscando por 'método afiliado' em Amazon
2025-04-29 19:11:19,044 - marketplace_scraper - INFO - Encontrados 48 itens em Amazon
2025-04-29 19:11:19,678 - marketplace_scraper - INFO - Encontrados 0 produtos para 'método afiliado' em Amazon
2025-04-29 19:11:21,836 - marketplace_scraper - INFO - Buscando por 'sistema de revenda' em Amazon
2025-04-29 19:11:23,701 - marketplace_scraper - INFO - Encontrados 48 itens em Amazon
2025-04-29 19:11:24,117 - marketplace_scraper - INFO - Encontrados 0 produtos para 'sistema de revenda' em Amazon
2025-04-29 19:11:25,437 - marketplace_scraper - INFO - Buscando por 'produtos lucrativos' em Amazon
2025-04-29 19:11:25,664 - marketplace_scraper - WARNING - Requisição falhou com status 503 para https://www.amazon.com.br/s?k=dropshipping
2025-04-29 19:11:27,275 - marketplace_scraper - INFO - Encontrados 48 itens em Amazon
2025-04-29 19:11:27,645 - marketplace_scraper - INFO - Encontrados 0 produtos para 'produtos lucrativos' em Amazon
2025-04-29 19:11:29,730 - marketplace_scraper - INFO - Iniciando coleta de Mercado Livre
2025-04-29 19:11:29,770 - marketplace_scraper - INFO - Buscando por 'dropshipping' em Mercado Livre
2025-04-29 19:11:32,275 - marketplace_scraper - INFO - Encontrados 0 itens em Mercado Livre
2025-04-29 19:11:32,280 - marketplace_scraper - INFO - Encontrados 0 produtos para 'dropshipping' em Mercado Livre
2025-04-29 19:11:35,201 - marketplace_scraper - INFO - Buscando por 'revenda sem estoque' em Mercado Livre
2025-04-29 19:11:36,898 - marketplace_scraper - INFO - Encontrados 0 itens em Mercado Livre
2025-04-29 19:11:36,903 - marketplace_scraper - INFO - Encontrados 0 produtos para 'revenda sem estoque' em Mercado Livre
2025-04-29 19:11:39,134 - marketplace_scraper - INFO - Buscando por 'franquia digital' em Mercado Livre
2025-04-29 19:11:41,695 - marketplace_scraper - INFO - Encontrados 0 itens em Mercado Livre
2025-04-29 19:11:41,705 - marketplace_scraper - INFO - Encontrados 0 produtos para 'franquia digital' em Mercado Livre
2025-04-29 19:11:44,507 - marketplace_scraper - INFO - Buscando por 'vender sem estoque' em Mercado Livre
2025-04-29 19:11:47,389 - marketplace_scraper - INFO - Encontrados 0 itens em Mercado Livre
2025-04-29 19:11:47,390 - marketplace_scraper - INFO - Encontrados 0 produtos para 'vender sem estoque' em Mercado Livre
2025-04-29 19:11:48,607 - marketplace_scraper - INFO - Buscando por 'produtos para revender' em Mercado Livre
2025-04-29 19:11:52,087 - marketplace_scraper - INFO - Encontrados 0 itens em Mercado Livre
2025-04-29 19:11:52,096 - marketplace_scraper - INFO - Encontrados 0 produtos para 'produtos para revender' em Mercado Livre
2025-04-29 19:11:55,008 - marketplace_scraper - INFO - Buscando por 'kit revenda' em Mercado Livre
2025-04-29 19:11:58,792 - marketplace_scraper - INFO - Encontrados 0 itens em Mercado Livre
2025-04-29 19:11:58,795 - marketplace_scraper - INFO - Encontrados 0 produtos para 'kit revenda' em Mercado Livre
2025-04-29 19:12:01,427 - marketplace_scraper - INFO - Buscando por 'curso dropshipping' em Mercado Livre
2025-04-29 19:12:03,828 - marketplace_scraper - INFO - Encontrados 0 itens em Mercado Livre
2025-04-29 19:12:03,829 - marketplace_scraper - INFO - Encontrados 0 produtos para 'curso dropshipping' em Mercado Livre
2025-04-29 19:12:05,241 - marketplace_scraper - INFO - Buscando por 'método afiliado' em Mercado Livre
2025-04-29 19:12:07,605 - marketplace_scraper - INFO - Encontrados 0 itens em Mercado Livre
2025-04-29 19:12:07,605 - marketplace_scraper - INFO - Encontrados 0 produtos para 'método afiliado' em Mercado Livre
2025-04-29 19:12:09,753 - marketplace_scraper - INFO - Buscando por 'sistema de revenda' em Mercado Livre
2025-04-29 19:12:12,943 - marketplace_scraper - INFO - Encontrados 0 itens em Mercado Livre
2025-04-29 19:12:12,944 - marketplace_scraper - INFO - Encontrados 0 produtos para 'sistema de revenda' em Mercado Livre
2025-04-29 19:12:14,761 - marketplace_scraper - INFO - Buscando por 'produtos lucrativos' em Mercado Livre
2025-04-29 19:12:16,719 - marketplace_scraper - INFO - Encontrados 0 itens em Mercado Livre
2025-04-29 19:12:16,720 - marketplace_scraper - INFO - Encontrados 0 produtos para 'produtos lucrativos' em Mercado Livre
2025-04-29 19:12:18,496 - marketplace_scraper - INFO - Iniciando coleta de Shopee
2025-04-29 19:12:18,499 - marketplace_scraper - INFO - Buscando por 'dropshipping' em Shopee
2025-04-29 19:12:19,010 - marketplace_scraper - INFO - Encontrados 0 itens em Shopee
2025-04-29 19:12:19,010 - marketplace_scraper - INFO - Encontrados 0 produtos para 'dropshipping' em Shopee
2025-04-29 19:12:20,233 - marketplace_scraper - INFO - Buscando por 'revenda sem estoque' em Shopee
2025-04-29 19:12:20,619 - marketplace_scraper - INFO - Encontrados 0 itens em Shopee
2025-04-29 19:12:20,619 - marketplace_scraper - INFO - Encontrados 0 produtos para 'revenda sem estoque' em Shopee
2025-04-29 19:12:22,518 - marketplace_scraper - INFO - Buscando por 'franquia digital' em Shopee
2025-04-29 19:12:23,033 - marketplace_scraper - INFO - Encontrados 0 itens em Shopee
2025-04-29 19:12:23,219 - marketplace_scraper - INFO - Encontrados 0 produtos para 'franquia digital' em Shopee
2025-04-29 19:12:25,949 - marketplace_scraper - INFO - Buscando por 'vender sem estoque' em Shopee
2025-04-29 19:12:26,434 - marketplace_scraper - INFO - Encontrados 0 itens em Shopee
2025-04-29 19:12:26,435 - marketplace_scraper - INFO - Encontrados 0 produtos para 'vender sem estoque' em Shopee
2025-04-29 19:12:28,699 - marketplace_scraper - INFO - Buscando por 'produtos para revender' em Shopee
2025-04-29 19:12:29,171 - marketplace_scraper - INFO - Encontrados 0 itens em Shopee
2025-04-29 19:12:29,172 - marketplace_scraper - INFO - Encontrados 0 produtos para 'produtos para revender' em Shopee
2025-04-29 19:12:31,631 - marketplace_scraper - INFO - Buscando por 'kit revenda' em Shopee
2025-04-29 19:12:32,121 - marketplace_scraper - INFO - Encontrados 0 itens em Shopee
2025-04-29 19:12:32,122 - marketplace_scraper - INFO - Encontrados 0 produtos para 'kit revenda' em Shopee
2025-04-29 19:12:34,741 - marketplace_scraper - INFO - Buscando por 'curso dropshipping' em Shopee
2025-04-29 19:12:35,243 - marketplace_scraper - INFO - Encontrados 0 itens em Shopee
2025-04-29 19:12:35,244 - marketplace_scraper - INFO - Encontrados 0 produtos para 'curso dropshipping' em Shopee
2025-04-29 19:12:37,632 - marketplace_scraper - INFO - Buscando por 'método afiliado' em Shopee
2025-04-29 19:12:38,114 - marketplace_scraper - INFO - Encontrados 0 itens em Shopee
2025-04-29 19:12:38,114 - marketplace_scraper - INFO - Encontrados 0 produtos para 'método afiliado' em Shopee
2025-04-29 19:12:40,000 - marketplace_scraper - INFO - Buscando por 'sistema de revenda' em Shopee
2025-04-29 19:12:40,481 - marketplace_scraper - INFO - Encontrados 0 itens em Shopee
2025-04-29 19:12:40,481 - marketplace_scraper - INFO - Encontrados 0 produtos para 'sistema de revenda' em Shopee
2025-04-29 19:12:42,616 - marketplace_scraper - INFO - Buscando por 'produtos lucrativos' em Shopee
2025-04-29 19:12:43,082 - marketplace_scraper - INFO - Encontrados 0 itens em Shopee
2025-04-29 19:12:43,083 - marketplace_scraper - INFO - Encontrados 0 produtos para 'produtos lucrativos' em Shopee
2025-04-29 19:12:46,151 - marketplace_scraper - WARNING - Nenhum produto encontrado
2025-04-29 19:12:46,155 - main - WARNING - Nenhum produto de marketplace encontrado.
2025-04-29 19:12:46,158 - main - INFO - Monitorando tendências em redes sociais...
2025-04-29 19:12:46,275 - social_media_monitor - INFO - Inicializado com 3 plataformas configuradas
2025-04-29 19:12:46,276 - social_media_monitor - INFO - Coletando tendências do instagram
2025-04-29 19:12:46,280 - social_media_monitor - INFO - API key para Instagram não configurada, usando dados simulados
2025-04-29 19:12:46,288 - social_media_monitor - INFO - Coletadas 22 tendências do instagram
2025-04-29 19:12:48,301 - social_media_monitor - INFO - Coletando tendências do twitter
2025-04-29 19:12:48,302 - social_media_monitor - INFO - API key para Twitter não configurada, usando dados simulados
2025-04-29 19:12:48,309 - social_media_monitor - INFO - Coletadas 36 tendências do twitter
2025-04-29 19:12:50,317 - social_media_monitor - INFO - Coletando tendências do tiktok
2025-04-29 19:12:50,319 - social_media_monitor - INFO - API key para TikTok não configurada, usando dados simulados
2025-04-29 19:12:50,328 - social_media_monitor - INFO - Coletadas 16 tendências do tiktok
2025-04-29 19:12:52,818 - social_media_monitor - INFO - Total de tendências relevantes: 64
2025-04-29 19:12:52,992 - social_media_monitor - INFO - Dados salvos em output/data/social_media_trends.csv
2025-04-29 19:12:52,992 - main - INFO - Coletadas 64 tendências de redes sociais.
2025-04-29 19:12:52,997 - main - INFO - Coletando estatísticas de vendas...
2025-04-29 19:12:53,072 - sales_data_collector - INFO - Inicializado com 3 fontes configuradas
2025-04-29 19:12:53,073 - sales_data_collector - INFO - Coletando dados de vendas de marketplace_api
2025-04-29 19:12:53,077 - sales_data_collector - INFO - API key para marketplace não configurada, usando dados simulados
2025-04-29 19:12:53,572 - sales_data_collector - INFO - Coletados 8100 registros de vendas de marketplace_api
2025-04-29 19:12:55,584 - sales_data_collector - INFO - Coletando dados de vendas de affiliate_networks
2025-04-29 19:12:55,787 - sales_data_collector - INFO - Coletados 4210 registros de vendas de affiliate_networks
2025-04-29 19:12:57,800 - sales_data_collector - INFO - Coletando dados de vendas de ecommerce
2025-04-29 19:12:58,016 - sales_data_collector - INFO - Coletados 4001 registros de vendas de ecommerce
2025-04-29 19:13:00,538 - sales_data_collector - INFO - Total de dados de vendas relevantes: 15514
2025-04-29 19:13:00,955 - sales_data_collector - INFO - Dados salvos em output/data/sales_data.csv
2025-04-29 19:13:00,956 - main - INFO - Coletados 15514 registros de vendas.
2025-04-29 19:13:00,960 - main - INFO - Analisando resultados...
2025-04-29 19:13:00,963 - sales_data_collector - INFO - Inicializado com 3 fontes configuradas
2025-04-29 19:13:01,515 - main - INFO - Top produtos por comissão identificados: 10
2025-04-29 19:13:01,525 - main - INFO - Desempenho por categoria analisado: 11 categorias
2025-04-29 19:13:01,527 - main - INFO - Top tendências identificadas: 10
2025-04-29 19:13:01,527 - main - INFO - Identificando as melhores oportunidades...
2025-04-29 19:13:01,558 - main - INFO - Identificadas 3 melhores oportunidades.
2025-04-29 19:13:01,558 - main - INFO - Gerando relatório...
2025-04-29 19:13:01,664 - main - INFO - Relatório salvo em: output/reports/top_opportunities_2025-04-29_19-13-01.csv
2025-04-29 19:13:01,664 - main - INFO - Buscando programas de afiliados para as melhores oportunidades...
2025-04-29 19:13:01,681 - affiliate_finder - INFO - Inicializado com 5 plataformas de afiliados configuradas
2025-04-29 19:13:01,682 - affiliate_finder - INFO - Buscando programas de afiliados para 3 produtos usando 21 termos de busca
2025-04-29 19:13:01,683 - affiliate_finder - INFO - Buscando em Hotmart
2025-04-29 19:13:01,683 - affiliate_finder - INFO - Pesquisando por 'Curso de Marketing Digital' em Hotmart
2025-04-29 19:13:03,045 - affiliate_finder - INFO - Encontrados 0 elementos de produto na página
2025-04-29 19:13:05,487 - affiliate_finder - INFO - Pesquisando por 'Marketing Digital' em Hotmart
2025-04-29 19:13:07,091 - affiliate_finder - INFO - Encontrados 0 elementos de produto na página
2025-04-29 19:13:09,385 - affiliate_finder - INFO - Pesquisando por 'Curso de Dropshipping' em Hotmart
2025-04-29 19:13:11,014 - affiliate_finder - INFO - Encontrados 0 elementos de produto na página
2025-04-29 19:13:12,220 - affiliate_finder - INFO - Pesquisando por 'Dropshipping' em Hotmart
2025-04-29 19:13:13,839 - affiliate_finder - INFO - Encontrados 0 elementos de produto na página
2025-04-29 19:13:15,787 - affiliate_finder - INFO - Pesquisando por 'Curso de Vendas Online' em Hotmart
2025-04-29 19:13:17,623 - affiliate_finder - INFO - Encontrados 0 elementos de produto na página
2025-04-29 19:13:20,021 - affiliate_finder - INFO - Pesquisando por 'Vendas Online' em Hotmart
2025-04-29 19:13:20,987 - affiliate_finder - INFO - Encontrados 0 elementos de produto na página
2025-04-29 19:13:23,840 - affiliate_finder - INFO - Pesquisando por 'curso vendas online' em Hotmart
2025-04-29 19:13:25,451 - affiliate_finder - INFO - Encontrados 0 elementos de produto na página
2025-04-29 19:13:28,373 - affiliate_finder - INFO - Pesquisando por 'curso de vendas' em Hotmart
2025-04-29 19:13:29,990 - affiliate_finder - INFO - Encontrados 0 elementos de produto na página
2025-04-29 19:13:31,073 - affiliate_finder - INFO - Pesquisando por 'vendas online' em Hotmart
2025-04-29 19:13:32,776 - affiliate_finder - INFO - Encontrados 0 elementos de produto na página
2025-04-29 19:13:35,340 - affiliate_finder - INFO - Pesquisando por 'dropshipping' em Hotmart
2025-04-29 19:13:36,963 - affiliate_finder - INFO - Encontrados 0 elementos de produto na página
2025-04-29 19:13:39,775 - affiliate_finder - INFO - Pesquisando por 'curso dropshipping' em Hotmart
2025-04-29 19:13:41,399 - affiliate_finder - INFO - Encontrados 0 elementos de produto na página
2025-04-29 19:13:42,841 - affiliate_finder - INFO - Pesquisando por 'ebook empreendedorismo' em Hotmart
2025-04-29 19:13:44,436 - affiliate_finder - INFO - Encontrados 0 elementos de produto na página
2025-04-29 19:13:46,473 - affiliate_finder - INFO - Pesquisando por 'empreendedorismo digital' em Hotmart
2025-04-29 19:13:47,890 - affiliate_finder - INFO - Encontrados 0 elementos de produto na página
2025-04-29 19:13:50,343 - affiliate_finder - INFO - Pesquisando por 'marketing digital' em Hotmart
2025-04-29 19:13:51,955 - affiliate_finder - INFO - Encontrados 0 elementos de produto na página
2025-04-29 19:13:53,509 - affiliate_finder - INFO - Pesquisando por 'afiliado' em Hotmart
2025-04-29 19:13:55,101 - affiliate_finder - INFO - Encontrados 0 elementos de produto na página
2025-04-29 19:13:57,459 - affiliate_finder - INFO - Pesquisando por 'renda extra' em Hotmart
2025-04-29 19:13:58,844 - affiliate_finder - INFO - Encontrados 0 elementos de produto na página
2025-04-29 19:14:01,694 - affiliate_finder - INFO - Pesquisando por 'trabalhar em casa' em Hotmart
2025-04-29 19:14:03,443 - affiliate_finder - INFO - Encontrados 0 elementos de produto na página
2025-04-29 19:14:06,061 - affiliate_finder - INFO - Pesquisando por 'negócio online' em Hotmart
2025-04-29 19:14:07,901 - affiliate_finder - INFO - Encontrados 0 elementos de produto na página
2025-04-29 19:14:08,993 - affiliate_finder - INFO - Pesquisando por 'infoproduto' em Hotmart
2025-04-29 19:14:10,709 - affiliate_finder - INFO - Encontrados 0 elementos de produto na página
2025-04-29 19:14:12,596 - affiliate_finder - INFO - Pesquisando por 'vendas digitais' em Hotmart
2025-04-29 19:14:14,105 - affiliate_finder - INFO - Encontrados 0 elementos de produto na página
2025-04-29 19:14:16,647 - affiliate_finder - INFO - Pesquisando por 'curso digital' em Hotmart
2025-04-29 19:14:18,278 - affiliate_finder - INFO - Encontrados 0 elementos de produto na página
2025-04-29 19:14:21,197 - affiliate_finder - INFO - Sem resultados reais para Hotmart, usando dados simulados
2025-04-29 19:14:23,241 - affiliate_finder - INFO - Buscando em Monetizze
2025-04-29 19:14:23,246 - affiliate_finder - INFO - Pesquisando por 'Curso de Marketing Digital' em Monetizze
2025-04-29 19:14:23,961 - affiliate_finder - INFO - Encontrados 0 elementos de produto na página
2025-04-29 19:14:26,716 - affiliate_finder - INFO - Pesquisando por 'Marketing Digital' em Monetizze
2025-04-29 19:14:27,315 - affiliate_finder - INFO - Encontrados 0 elementos de produto na página
2025-04-29 19:14:29,848 - affiliate_finder - INFO - Pesquisando por 'Curso de Dropshipping' em Monetizze
2025-04-29 19:14:30,456 - affiliate_finder - INFO - Encontrados 0 elementos de produto na página
2025-04-29 19:14:33,097 - affiliate_finder - INFO - Pesquisando por 'Dropshipping' em Monetizze
2025-04-29 19:14:33,685 - affiliate_finder - INFO - Encontrados 0 elementos de produto na página
2025-04-29 19:14:35,917 - affiliate_finder - INFO - Pesquisando por 'Curso de Vendas Online' em Monetizze
2025-04-29 19:14:36,337 - affiliate_finder - INFO - Encontrados 0 elementos de produto na página
2025-04-29 19:14:39,147 - affiliate_finder - INFO - Pesquisando por 'Vendas Online' em Monetizze
2025-04-29 19:14:39,729 - affiliate_finder - INFO - Encontrados 0 elementos de produto na página
2025-04-29 19:14:42,449 - affiliate_finder - INFO - Pesquisando por 'curso vendas online' em Monetizze
2025-04-29 19:14:42,879 - affiliate_finder - INFO - Encontrados 0 elementos de produto na página
2025-04-29 19:14:45,735 - affiliate_finder - INFO - Pesquisando por 'curso de vendas' em Monetizze
2025-04-29 19:14:46,349 - affiliate_finder - INFO - Encontrados 0 elementos de produto na página
2025-04-29 19:14:48,032 - affiliate_finder - INFO - Pesquisando por 'vendas online' em Monetizze
2025-04-29 19:14:48,637 - affiliate_finder - INFO - Encontrados 0 elementos de produto na página
2025-04-29 19:14:50,015 - affiliate_finder - INFO - Pesquisando por 'dropshipping' em Monetizze
2025-04-29 19:14:51,033 - affiliate_finder - INFO - Encontrados 0 elementos de produto na página
2025-04-29 19:14:53,017 - affiliate_finder - INFO - Pesquisando por 'curso dropshipping' em Monetizze
2025-04-29 19:14:53,421 - affiliate_finder - INFO - Encontrados 0 elementos de produto na página
2025-04-29 19:14:55,934 - affiliate_finder - INFO - Pesquisando por 'ebook empreendedorismo' em Monetizze
2025-04-29 19:14:56,532 - affiliate_finder - INFO - Encontrados 0 elementos de produto na página
2025-04-29 19:14:58,085 - affiliate_finder - INFO - Pesquisando por 'empreendedorismo digital' em Monetizze
2025-04-29 19:14:58,496 - affiliate_finder - INFO - Encontrados 0 elementos de produto na página
2025-04-29 19:15:01,418 - affiliate_finder - INFO - Pesquisando por 'marketing digital' em Monetizze
2025-04-29 19:15:01,982 - affiliate_finder - INFO - Encontrados 0 elementos de produto na página
2025-04-29 19:15:04,350 - affiliate_finder - INFO - Pesquisando por 'afiliado' em Monetizze
2025-04-29 19:15:04,955 - affiliate_finder - INFO - Encontrados 0 elementos de produto na página
2025-04-29 19:15:06,587 - affiliate_finder - INFO - Pesquisando por 'renda extra' em Monetizze
2025-04-29 19:15:06,998 - affiliate_finder - INFO - Encontrados 0 elementos de produto na página
2025-04-29 19:15:08,420 - affiliate_finder - INFO - Pesquisando por 'trabalhar em casa' em Monetizze
2025-04-29 19:15:09,016 - affiliate_finder - INFO - Encontrados 0 elementos de produto na página
2025-04-29 19:15:11,088 - affiliate_finder - INFO - Pesquisando por 'negócio online' em Monetizze
2025-04-29 19:15:11,683 - affiliate_finder - INFO - Encontrados 0 elementos de produto na página
2025-04-29 19:15:13,743 - affiliate_finder - INFO - Pesquisando por 'infoproduto' em Monetizze
2025-04-29 19:15:14,149 - affiliate_finder - INFO - Encontrados 0 elementos de produto na página
2025-04-29 19:15:16,483 - affiliate_finder - INFO - Pesquisando por 'vendas digitais' em Monetizze
2025-04-29 19:15:17,110 - affiliate_finder - INFO - Encontrados 0 elementos de produto na página
2025-04-29 19:15:19,962 - affiliate_finder - INFO - Pesquisando por 'curso digital' em Monetizze
2025-04-29 19:15:20,386 - affiliate_finder - INFO - Encontrados 0 elementos de produto na página
2025-04-29 19:15:23,247 - affiliate_finder - INFO - Sem resultados reais para Monetizze, usando dados simulados
2025-04-29 19:15:25,256 - affiliate_finder - INFO - Buscando em Eduzz
2025-04-29 19:15:25,258 - affiliate_finder - INFO - Pesquisando por 'Curso de Marketing Digital' em Eduzz
2025-04-29 19:15:26,047 - affiliate_finder - WARNING - Requisição falhou com status 404 para https://www.eduzz.com/marketplace?q=Curso+de+Marketing+Digital
2025-04-29 19:15:26,358 - affiliate_finder - WARNING - Requisição falhou com status 404 para https://www.eduzz.com/marketplace?q=Curso+de+Marketing+Digital
2025-04-29 19:15:26,662 - affiliate_finder - WARNING - Requisição falhou com status 404 para https://www.eduzz.com/marketplace?q=Curso+de+Marketing+Digital
2025-04-29 19:15:26,663 - affiliate_finder - ERROR - Todas as tentativas falharam para https://www.eduzz.com/marketplace?q=Curso+de+Marketing+Digital
2025-04-29 19:15:28,240 - affiliate_finder - INFO - Pesquisando por 'Marketing Digital' em Eduzz
2025-04-29 19:15:28,738 - affiliate_finder - WARNING - Requisição falhou com status 404 para https://www.eduzz.com/marketplace?q=Marketing+Digital
2025-04-29 19:15:29,033 - affiliate_finder - WARNING - Requisição falhou com status 404 para https://www.eduzz.com/marketplace?q=Marketing+Digital
2025-04-29 19:15:29,311 - affiliate_finder - WARNING - Requisição falhou com status 404 para https://www.eduzz.com/marketplace?q=Marketing+Digital
2025-04-29 19:15:29,312 - affiliate_finder - ERROR - Todas as tentativas falharam para https://www.eduzz.com/marketplace?q=Marketing+Digital
2025-04-29 19:15:31,040 - affiliate_finder - INFO - Pesquisando por 'Curso de Dropshipping' em Eduzz
2025-04-29 19:15:31,365 - affiliate_finder - WARNING - Requisição falhou com status 404 para https://www.eduzz.com/marketplace?q=Curso+de+Dropshipping
2025-04-29 19:15:31,662 - affiliate_finder - WARNING - Requisição falhou com status 404 para https://www.eduzz.com/marketplace?q=Curso+de+Dropshipping
2025-04-29 19:15:31,960 - affiliate_finder - WARNING - Requisição falhou com status 404 para https://www.eduzz.com/marketplace?q=Curso+de+Dropshipping
2025-04-29 19:15:31,961 - affiliate_finder - ERROR - Todas as tentativas falharam para https://www.eduzz.com/marketplace?q=Curso+de+Dropshipping
2025-04-29 19:15:34,790 - affiliate_finder - INFO - Pesquisando por 'Dropshipping' em Eduzz
2025-04-29 19:15:35,112 - affiliate_finder - WARNING - Requisição falhou com status 404 para https://www.eduzz.com/marketplace?q=Dropshipping
2025-04-29 19:15:35,415 - affiliate_finder - WARNING - Requisição falhou com status 404 para https://www.eduzz.com/marketplace?q=Dropshipping
2025-04-29 19:15:35,721 - affiliate_finder - WARNING - Requisição falhou com status 404 para https://www.eduzz.com/marketplace?q=Dropshipping
2025-04-29 19:15:35,722 - affiliate_finder - ERROR - Todas as tentativas falharam para https://www.eduzz.com/marketplace?q=Dropshipping
2025-04-29 19:15:37,057 - affiliate_finder - INFO - Pesquisando por 'Curso de Vendas Online' em Eduzz
2025-04-29 19:15:37,378 - affiliate_finder - WARNING - Requisição falhou com status 404 para https://www.eduzz.com/marketplace?q=Curso+de+Vendas+Online
2025-04-29 19:15:37,656 - affiliate_finder - WARNING - Requisição falhou com status 404 para https://www.eduzz.com/marketplace?q=Curso+de+Vendas+Online
2025-04-29 19:15:37,946 - affiliate_finder - WARNING - Requisição falhou com status 404 para https://www.eduzz.com/marketplace?q=Curso+de+Vendas+Online
2025-04-29 19:15:37,947 - affiliate_finder - ERROR - Todas as tentativas falharam para https://www.eduzz.com/marketplace?q=Curso+de+Vendas+Online
2025-04-29 19:15:39,775 - affiliate_finder - INFO - Pesquisando por 'Vendas Online' em Eduzz
2025-04-29 19:15:40,078 - affiliate_finder - WARNING - Requisição falhou com status 404 para https://www.eduzz.com/marketplace?q=Vendas+Online
2025-04-29 19:15:40,383 - affiliate_finder - WARNING - Requisição falhou com status 404 para https://www.eduzz.com/marketplace?q=Vendas+Online
2025-04-29 19:15:40,685 - affiliate_finder - WARNING - Requisição falhou com status 404 para https://www.eduzz.com/marketplace?q=Vendas+Online
2025-04-29 19:15:40,685 - affiliate_finder - ERROR - Todas as tentativas falharam para https://www.eduzz.com/marketplace?q=Vendas+Online
2025-04-29 19:15:42,724 - affiliate_finder - INFO - Pesquisando por 'curso vendas online' em Eduzz
2025-04-29 19:15:43,012 - affiliate_finder - WARNING - Requisição falhou com status 404 para https://www.eduzz.com/marketplace?q=curso+vendas+online
2025-04-29 19:15:43,352 - affiliate_finder - WARNING - Requisição falhou com status 404 para https://www.eduzz.com/marketplace?q=curso+vendas+online
2025-04-29 19:15:43,656 - affiliate_finder - WARNING - Requisição falhou com status 404 para https://www.eduzz.com/marketplace?q=curso+vendas+online
2025-04-29 19:15:43,658 - affiliate_finder - ERROR - Todas as tentativas falharam para https://www.eduzz.com/marketplace?q=curso+vendas+online
2025-04-29 19:15:46,342 - affiliate_finder - INFO - Pesquisando por 'curso de vendas' em Eduzz
2025-04-29 19:15:46,634 - affiliate_finder - WARNING - Requisição falhou com status 404 para https://www.eduzz.com/marketplace?q=curso+de+vendas
2025-04-29 19:15:46,923 - affiliate_finder - WARNING - Requisição falhou com status 404 para https://www.eduzz.com/marketplace?q=curso+de+vendas
2025-04-29 19:15:47,206 - affiliate_finder - WARNING - Requisição falhou com status 404 para https://www.eduzz.com/marketplace?q=curso+de+vendas
2025-04-29 19:15:47,206 - affiliate_finder - ERROR - Todas as tentativas falharam para https://www.eduzz.com/marketplace?q=curso+de+vendas
2025-04-29 19:15:49,709 - affiliate_finder - INFO - Pesquisando por 'vendas online' em Eduzz
2025-04-29 19:15:50,023 - affiliate_finder - WARNING - Requisição falhou com status 404 para https://www.eduzz.com/marketplace?q=vendas+online
2025-04-29 19:15:50,330 - affiliate_finder - WARNING - Requisição falhou com status 404 para https://www.eduzz.com/marketplace?q=vendas+online
2025-04-29 19:15:50,637 - affiliate_finder - WARNING - Requisição falhou com status 404 para https://www.eduzz.com/marketplace?q=vendas+online
2025-04-29 19:15:50,638 - affiliate_finder - ERROR - Todas as tentativas falharam para https://www.eduzz.com/marketplace?q=vendas+online
2025-04-29 19:15:52,509 - affiliate_finder - INFO - Pesquisando por 'dropshipping' em Eduzz
2025-04-29 19:15:52,804 - affiliate_finder - WARNING - Requisição falhou com status 404 para https://www.eduzz.com/marketplace?q=dropshipping
2025-04-29 19:15:53,097 - affiliate_finder - WARNING - Requisição falhou com status 404 para https://www.eduzz.com/marketplace?q=dropshipping
2025-04-29 19:15:53,412 - affiliate_finder - WARNING - Requisição falhou com status 404 para https://www.eduzz.com/marketplace?q=dropshipping
2025-04-29 19:15:53,413 - affiliate_finder - ERROR - Todas as tentativas falharam para https://www.eduzz.com/marketplace?q=dropshipping
2025-04-29 19:15:56,160 - affiliate_finder - INFO - Pesquisando por 'curso dropshipping' em Eduzz
2025-04-29 19:15:56,546 - affiliate_finder - WARNING - Requisição falhou com status 404 para https://www.eduzz.com/marketplace?q=curso+dropshipping
2025-04-29 19:15:56,830 - affiliate_finder - WARNING - Requisição falhou com status 404 para https://www.eduzz.com/marketplace?q=curso+dropshipping
2025-04-29 19:15:57,132 - affiliate_finder - WARNING - Requisição falhou com status 404 para https://www.eduzz.com/marketplace?q=curso+dropshipping
2025-04-29 19:15:57,133 - affiliate_finder - ERROR - Todas as tentativas falharam para https://www.eduzz.com/marketplace?q=curso+dropshipping
2025-04-29 19:15:58,310 - affiliate_finder - INFO - Pesquisando por 'ebook empreendedorismo' em Eduzz
2025-04-29 19:15:58,582 - affiliate_finder - WARNING - Requisição falhou com status 404 para https://www.eduzz.com/marketplace?q=ebook+empreendedorismo
2025-04-29 19:15:58,878 - affiliate_finder - WARNING - Requisição falhou com status 404 para https://www.eduzz.com/marketplace?q=ebook+empreendedorismo
2025-04-29 19:15:59,148 - affiliate_finder - WARNING - Requisição falhou com status 404 para https://www.eduzz.com/marketplace?q=ebook+empreendedorismo
2025-04-29 19:15:59,149 - affiliate_finder - ERROR - Todas as tentativas falharam para https://www.eduzz.com/marketplace?q=ebook+empreendedorismo
2025-04-29 19:16:00,194 - affiliate_finder - INFO - Pesquisando por 'empreendedorismo digital' em Eduzz
2025-04-29 19:16:00,483 - affiliate_finder - WARNING - Requisição falhou com status 404 para https://www.eduzz.com/marketplace?q=empreendedorismo+digital
2025-04-29 19:16:00,769 - affiliate_finder - WARNING - Requisição falhou com status 404 para https://www.eduzz.com/marketplace?q=empreendedorismo+digital
2025-04-29 19:16:01,110 - affiliate_finder - WARNING - Requisição falhou com status 404 para https://www.eduzz.com/marketplace?q=empreendedorismo+digital
2025-04-29 19:16:01,112 - affiliate_finder - ERROR - Todas as tentativas falharam para https://www.eduzz.com/marketplace?q=empreendedorismo+digital
2025-04-29 19:16:03,427 - affiliate_finder - INFO - Pesquisando por 'marketing digital' em Eduzz
2025-04-29 19:16:03,720 - affiliate_finder - WARNING - Requisição falhou com status 404 para https://www.eduzz.com/marketplace?q=marketing+digital
2025-04-29 19:16:04,014 - affiliate_finder - WARNING - Requisição falhou com status 404 para https://www.eduzz.com/marketplace?q=marketing+digital
2025-04-29 19:16:04,296 - affiliate_finder - WARNING - Requisição falhou com status 404 para https://www.eduzz.com/marketplace?q=marketing+digital
2025-04-29 19:16:04,297 - affiliate_finder - ERROR - Todas as tentativas falharam para https://www.eduzz.com/marketplace?q=marketing+digital
2025-04-29 19:16:06,912 - affiliate_finder - INFO - Pesquisando por 'afiliado' em Eduzz
2025-04-29 19:16:07,201 - affiliate_finder - WARNING - Requisição falhou com status 404 para https://www.eduzz.com/marketplace?q=afiliado
2025-04-29 19:16:07,504 - affiliate_finder - WARNING - Requisição falhou com status 404 para https://www.eduzz.com/marketplace?q=afiliado
2025-04-29 19:16:07,815 - affiliate_finder - WARNING - Requisição falhou com status 404 para https://www.eduzz.com/marketplace?q=afiliado
2025-04-29 19:16:07,816 - affiliate_finder - ERROR - Todas as tentativas falharam para https://www.eduzz.com/marketplace?q=afiliado
2025-04-29 19:16:10,611 - affiliate_finder - INFO - Pesquisando por 'renda extra' em Eduzz
2025-04-29 19:16:10,900 - affiliate_finder - WARNING - Requisição falhou com status 404 para https://www.eduzz.com/marketplace?q=renda+extra
2025-04-29 19:16:11,228 - affiliate_finder - WARNING - Requisição falhou com status 404 para https://www.eduzz.com/marketplace?q=renda+extra
2025-04-29 19:16:11,533 - affiliate_finder - WARNING - Requisição falhou com status 404 para https://www.eduzz.com/marketplace?q=renda+extra
2025-04-29 19:16:11,533 - affiliate_finder - ERROR - Todas as tentativas falharam para https://www.eduzz.com/marketplace?q=renda+extra
2025-04-29 19:16:13,346 - affiliate_finder - INFO - Pesquisando por 'trabalhar em casa' em Eduzz
2025-04-29 19:16:13,638 - affiliate_finder - WARNING - Requisição falhou com status 404 para https://www.eduzz.com/marketplace?q=trabalhar+em+casa
2025-04-29 19:16:13,904 - affiliate_finder - WARNING - Requisição falhou com status 404 para https://www.eduzz.com/marketplace?q=trabalhar+em+casa
2025-04-29 19:16:14,206 - affiliate_finder - WARNING - Requisição falhou com status 404 para https://www.eduzz.com/marketplace?q=trabalhar+em+casa
2025-04-29 19:16:14,207 - affiliate_finder - ERROR - Todas as tentativas falharam para https://www.eduzz.com/marketplace?q=trabalhar+em+casa
2025-04-29 19:16:15,796 - affiliate_finder - INFO - Pesquisando por 'negócio online' em Eduzz
2025-04-29 19:16:16,114 - affiliate_finder - WARNING - Requisição falhou com status 404 para https://www.eduzz.com/marketplace?q=negócio+online
2025-04-29 19:16:16,456 - affiliate_finder - WARNING - Requisição falhou com status 404 para https://www.eduzz.com/marketplace?q=negócio+online
2025-04-29 19:16:16,754 - affiliate_finder - WARNING - Requisição falhou com status 404 para https://www.eduzz.com/marketplace?q=negócio+online
2025-04-29 19:16:16,755 - affiliate_finder - ERROR - Todas as tentativas falharam para https://www.eduzz.com/marketplace?q=negócio+online
2025-04-29 19:16:18,129 - affiliate_finder - INFO - Pesquisando por 'infoproduto' em Eduzz
2025-04-29 19:16:18,458 - affiliate_finder - WARNING - Requisição falhou com status 404 para https://www.eduzz.com/marketplace?q=infoproduto
2025-04-29 19:16:18,784 - affiliate_finder - WARNING - Requisição falhou com status 404 para https://www.eduzz.com/marketplace?q=infoproduto
2025-04-29 19:16:19,062 - affiliate_finder - WARNING - Requisição falhou com status 404 para https://www.eduzz.com/marketplace?q=infoproduto
2025-04-29 19:16:19,063 - affiliate_finder - ERROR - Todas as tentativas falharam para https://www.eduzz.com/marketplace?q=infoproduto
2025-04-29 19:16:20,579 - affiliate_finder - INFO - Pesquisando por 'vendas digitais' em Eduzz
2025-04-29 19:16:20,891 - affiliate_finder - WARNING - Requisição falhou com status 404 para https://www.eduzz.com/marketplace?q=vendas+digitais
2025-04-29 19:16:21,191 - affiliate_finder - WARNING - Requisição falhou com status 404 para https://www.eduzz.com/marketplace?q=vendas+digitais
2025-04-29 19:16:21,491 - affiliate_finder - WARNING - Requisição falhou com status 404 para https://www.eduzz.com/marketplace?q=vendas+digitais
2025-04-29 19:16:21,492 - affiliate_finder - ERROR - Todas as tentativas falharam para https://www.eduzz.com/marketplace?q=vendas+digitais
2025-04-29 19:16:24,248 - affiliate_finder - INFO - Pesquisando por 'curso digital' em Eduzz
2025-04-29 19:16:24,543 - affiliate_finder - WARNING - Requisição falhou com status 404 para https://www.eduzz.com/marketplace?q=curso+digital
2025-04-29 19:16:24,822 - affiliate_finder - WARNING - Requisição falhou com status 404 para https://www.eduzz.com/marketplace?q=curso+digital
2025-04-29 19:16:25,125 - affiliate_finder - WARNING - Requisição falhou com status 404 para https://www.eduzz.com/marketplace?q=curso+digital
2025-04-29 19:16:25,126 - affiliate_finder - ERROR - Todas as tentativas falharam para https://www.eduzz.com/marketplace?q=curso+digital
2025-04-29 19:16:26,798 - affiliate_finder - INFO - Sem resultados reais para Eduzz, usando dados simulados
2025-04-29 19:16:28,814 - affiliate_finder - INFO - Buscando em ClickBank
2025-04-29 19:16:28,814 - affiliate_finder - INFO - Pesquisando por 'Curso de Marketing Digital' em ClickBank
2025-04-29 19:16:29,680 - affiliate_finder - INFO - Encontrados 0 elementos de produto na página
2025-04-29 19:16:30,915 - affiliate_finder - INFO - Pesquisando por 'Marketing Digital' em ClickBank
2025-04-29 19:16:31,228 - affiliate_finder - INFO - Encontrados 0 elementos de produto na página
2025-04-29 19:16:34,132 - affiliate_finder - INFO - Pesquisando por 'Curso de Dropshipping' em ClickBank
2025-04-29 19:16:34,455 - affiliate_finder - INFO - Encontrados 0 elementos de produto na página
2025-04-29 19:16:37,163 - affiliate_finder - INFO - Pesquisando por 'Dropshipping' em ClickBank
2025-04-29 19:16:37,490 - affiliate_finder - INFO - Encontrados 0 elementos de produto na página
2025-04-29 19:16:38,616 - affiliate_finder - INFO - Pesquisando por 'Curso de Vendas Online' em ClickBank
2025-04-29 19:16:38,960 - affiliate_finder - INFO - Encontrados 0 elementos de produto na página
2025-04-29 19:16:40,834 - affiliate_finder - INFO - Pesquisando por 'Vendas Online' em ClickBank
2025-04-29 19:16:41,794 - affiliate_finder - INFO - Encontrados 0 elementos de produto na página
2025-04-29 19:16:43,484 - affiliate_finder - INFO - Pesquisando por 'curso vendas online' em ClickBank
2025-04-29 19:16:43,787 - affiliate_finder - INFO - Encontrados 0 elementos de produto na página
2025-04-29 19:16:45,901 - affiliate_finder - INFO - Pesquisando por 'curso de vendas' em ClickBank
2025-04-29 19:16:46,238 - affiliate_finder - INFO - Encontrados 0 elementos de produto na página
2025-04-29 19:16:47,667 - affiliate_finder - INFO - Pesquisando por 'vendas online' em ClickBank
2025-04-29 19:16:47,988 - affiliate_finder - INFO - Encontrados 0 elementos de produto na página
2025-04-29 19:16:50,051 - affiliate_finder - INFO - Pesquisando por 'dropshipping' em ClickBank
2025-04-29 19:16:50,392 - affiliate_finder - INFO - Encontrados 0 elementos de produto na página
2025-04-29 19:16:53,002 - affiliate_finder - INFO - Pesquisando por 'curso dropshipping' em ClickBank
2025-04-29 19:16:53,790 - affiliate_finder - INFO - Encontrados 0 elementos de produto na página
2025-04-29 19:16:55,718 - affiliate_finder - INFO - Pesquisando por 'ebook empreendedorismo' em ClickBank
2025-04-29 19:16:56,047 - affiliate_finder - INFO - Encontrados 0 elementos de produto na página
2025-04-29 19:16:58,352 - affiliate_finder - INFO - Pesquisando por 'empreendedorismo digital' em ClickBank
2025-04-29 19:16:59,118 - affiliate_finder - INFO - Encontrados 0 elementos de produto na página
2025-04-29 19:17:00,369 - affiliate_finder - INFO - Pesquisando por 'marketing digital' em ClickBank
2025-04-29 19:17:00,707 - affiliate_finder - INFO - Encontrados 0 elementos de produto na página
2025-04-29 19:17:02,786 - affiliate_finder - INFO - Pesquisando por 'afiliado' em ClickBank
2025-04-29 19:17:03,113 - affiliate_finder - INFO - Encontrados 0 elementos de produto na página
2025-04-29 19:17:04,870 - affiliate_finder - INFO - Pesquisando por 'renda extra' em ClickBank
2025-04-29 19:17:05,262 - affiliate_finder - INFO - Encontrados 0 elementos de produto na página
2025-04-29 19:17:07,904 - affiliate_finder - INFO - Pesquisando por 'trabalhar em casa' em ClickBank
2025-04-29 19:17:08,264 - affiliate_finder - INFO - Encontrados 0 elementos de produto na página
2025-04-29 19:17:10,570 - affiliate_finder - INFO - Pesquisando por 'negócio online' em ClickBank
2025-04-29 19:17:11,327 - affiliate_finder - INFO - Encontrados 0 elementos de produto na página
2025-04-29 19:17:12,703 - affiliate_finder - INFO - Pesquisando por 'infoproduto' em ClickBank
2025-04-29 19:17:13,035 - affiliate_finder - INFO - Encontrados 0 elementos de produto na página
2025-04-29 19:17:14,111 - affiliate_finder - INFO - Pesquisando por 'vendas digitais' em ClickBank
2025-04-29 19:17:14,446 - affiliate_finder - INFO - Encontrados 0 elementos de produto na página
2025-04-29 19:17:17,305 - affiliate_finder - INFO - Pesquisando por 'curso digital' em ClickBank
2025-04-29 19:17:17,628 - affiliate_finder - INFO - Encontrados 0 elementos de produto na página
2025-04-29 19:17:19,972 - affiliate_finder - INFO - Sem resultados reais para ClickBank, usando dados simulados
2025-04-29 19:17:21,975 - affiliate_finder - INFO - Buscando em Braip
2025-04-29 19:17:21,975 - affiliate_finder - INFO - Pesquisando por 'Curso de Marketing Digital' em Braip
2025-04-29 19:17:22,000 - affiliate_finder - WARNING - Tentativa 1/3 falhou: HTTPSConnectionPool(host='www.braip.com', port=443): Max retries exceeded with url: /marketplace?busca=Curso+de+Marketing+Digital (Caused by NameResolutionError("<urllib3.connection.HTTPSConnection object at 0x0000019066DB04F0>: Failed to resolve 'www.braip.com' ([Errno 11001] getaddrinfo failed)"))
2025-04-29 19:17:24,010 - affiliate_finder - WARNING - Tentativa 2/3 falhou: HTTPSConnectionPool(host='www.braip.com', port=443): Max retries exceeded with url: /marketplace?busca=Curso+de+Marketing+Digital (Caused by NameResolutionError("<urllib3.connection.HTTPSConnection object at 0x0000019066DB0250>: Failed to resolve 'www.braip.com' ([Errno 11001] getaddrinfo failed)"))
2025-04-29 19:17:26,026 - affiliate_finder - WARNING - Tentativa 3/3 falhou: HTTPSConnectionPool(host='www.braip.com', port=443): Max retries exceeded with url: /marketplace?busca=Curso+de+Marketing+Digital (Caused by NameResolutionError("<urllib3.connection.HTTPSConnection object at 0x000001906902C370>: Failed to resolve 'www.braip.com' ([Errno 11001] getaddrinfo failed)"))
2025-04-29 19:17:28,039 - affiliate_finder - ERROR - Todas as tentativas falharam para https://www.braip.com/marketplace?busca=Curso+de+Marketing+Digital
2025-04-29 19:17:29,073 - affiliate_finder - INFO - Pesquisando por 'Marketing Digital' em Braip
2025-04-29 19:17:29,087 - affiliate_finder - WARNING - Tentativa 1/3 falhou: HTTPSConnectionPool(host='www.braip.com', port=443): Max retries exceeded with url: /marketplace?busca=Marketing+Digital (Caused by NameResolutionError("<urllib3.connection.HTTPSConnection object at 0x000001906902F940>: Failed to resolve 'www.braip.com' ([Errno 11001] getaddrinfo failed)"))
2025-04-29 19:17:31,097 - affiliate_finder - WARNING - Tentativa 2/3 falhou: HTTPSConnectionPool(host='www.braip.com', port=443): Max retries exceeded with url: /marketplace?busca=Marketing+Digital (Caused by NameResolutionError("<urllib3.connection.HTTPSConnection object at 0x000001906902E2F0>: Failed to resolve 'www.braip.com' ([Errno 11001] getaddrinfo failed)"))
2025-04-29 19:17:33,113 - affiliate_finder - WARNING - Tentativa 3/3 falhou: HTTPSConnectionPool(host='www.braip.com', port=443): Max retries exceeded with url: /marketplace?busca=Marketing+Digital (Caused by NameResolutionError("<urllib3.connection.HTTPSConnection object at 0x0000019066DB2CB0>: Failed to resolve 'www.braip.com' ([Errno 11001] getaddrinfo failed)"))
2025-04-29 19:17:35,125 - affiliate_finder - ERROR - Todas as tentativas falharam para https://www.braip.com/marketplace?busca=Marketing+Digital
2025-04-29 19:17:38,091 - affiliate_finder - INFO - Pesquisando por 'Curso de Dropshipping' em Braip
2025-04-29 19:17:38,111 - affiliate_finder - WARNING - Tentativa 1/3 falhou: HTTPSConnectionPool(host='www.braip.com', port=443): Max retries exceeded with url: /marketplace?busca=Curso+de+Dropshipping (Caused by NameResolutionError("<urllib3.connection.HTTPSConnection object at 0x0000019066DB00D0>: Failed to resolve 'www.braip.com' ([Errno 11001] getaddrinfo failed)"))
2025-04-29 19:17:40,130 - affiliate_finder - WARNING - Tentativa 2/3 falhou: HTTPSConnectionPool(host='www.braip.com', port=443): Max retries exceeded with url: /marketplace?busca=Curso+de+Dropshipping (Caused by NameResolutionError("<urllib3.connection.HTTPSConnection object at 0x000001906902F3D0>: Failed to resolve 'www.braip.com' ([Errno 11001] getaddrinfo failed)"))
2025-04-29 19:17:42,149 - affiliate_finder - WARNING - Tentativa 3/3 falhou: HTTPSConnectionPool(host='www.braip.com', port=443): Max retries exceeded with url: /marketplace?busca=Curso+de+Dropshipping (Caused by NameResolutionError("<urllib3.connection.HTTPSConnection object at 0x000001906902DE70>: Failed to resolve 'www.braip.com' ([Errno 11001] getaddrinfo failed)"))
2025-04-29 19:17:44,158 - affiliate_finder - ERROR - Todas as tentativas falharam para https://www.braip.com/marketplace?busca=Curso+de+Dropshipping
2025-04-29 19:17:47,033 - affiliate_finder - INFO - Pesquisando por 'Dropshipping' em Braip
2025-04-29 19:17:47,133 - affiliate_finder - WARNING - Tentativa 1/3 falhou: HTTPSConnectionPool(host='www.braip.com', port=443): Max retries exceeded with url: /marketplace?busca=Dropshipping (Caused by NameResolutionError("<urllib3.connection.HTTPSConnection object at 0x000001906902CFA0>: Failed to resolve 'www.braip.com' ([Errno 11001] getaddrinfo failed)"))
2025-04-29 19:17:49,153 - affiliate_finder - WARNING - Tentativa 2/3 falhou: HTTPSConnectionPool(host='www.braip.com', port=443): Max retries exceeded with url: /marketplace?busca=Dropshipping (Caused by NameResolutionError("<urllib3.connection.HTTPSConnection object at 0x0000019068555C00>: Failed to resolve 'www.braip.com' ([Errno 11001] getaddrinfo failed)"))
2025-04-29 19:17:51,167 - affiliate_finder - WARNING - Tentativa 3/3 falhou: HTTPSConnectionPool(host='www.braip.com', port=443): Max retries exceeded with url: /marketplace?busca=Dropshipping (Caused by NameResolutionError("<urllib3.connection.HTTPSConnection object at 0x0000019066DB0D60>: Failed to resolve 'www.braip.com' ([Errno 11001] getaddrinfo failed)"))
2025-04-29 19:17:53,175 - affiliate_finder - ERROR - Todas as tentativas falharam para https://www.braip.com/marketplace?busca=Dropshipping
2025-04-29 19:17:54,659 - affiliate_finder - INFO - Pesquisando por 'Curso de Vendas Online' em Braip
2025-04-29 19:17:54,679 - affiliate_finder - WARNING - Tentativa 1/3 falhou: HTTPSConnectionPool(host='www.braip.com', port=443): Max retries exceeded with url: /marketplace?busca=Curso+de+Vendas+Online (Caused by NameResolutionError("<urllib3.connection.HTTPSConnection object at 0x0000019066DB0490>: Failed to resolve 'www.braip.com' ([Errno 11001] getaddrinfo failed)"))
2025-04-29 19:17:56,695 - affiliate_finder - WARNING - Tentativa 2/3 falhou: HTTPSConnectionPool(host='www.braip.com', port=443): Max retries exceeded with url: /marketplace?busca=Curso+de+Vendas+Online (Caused by NameResolutionError("<urllib3.connection.HTTPSConnection object at 0x000001906902CD90>: Failed to resolve 'www.braip.com' ([Errno 11001] getaddrinfo failed)"))
2025-04-29 19:17:58,708 - affiliate_finder - WARNING - Tentativa 3/3 falhou: HTTPSConnectionPool(host='www.braip.com', port=443): Max retries exceeded with url: /marketplace?busca=Curso+de+Vendas+Online (Caused by NameResolutionError("<urllib3.connection.HTTPSConnection object at 0x000001906902C4F0>: Failed to resolve 'www.braip.com' ([Errno 11001] getaddrinfo failed)"))
2025-04-29 19:18:00,731 - affiliate_finder - ERROR - Todas as tentativas falharam para https://www.braip.com/marketplace?busca=Curso+de+Vendas+Online
2025-04-29 19:18:02,211 - affiliate_finder - INFO - Pesquisando por 'Vendas Online' em Braip
2025-04-29 19:18:02,286 - affiliate_finder - WARNING - Tentativa 1/3 falhou: HTTPSConnectionPool(host='www.braip.com', port=443): Max retries exceeded with url: /marketplace?busca=Vendas+Online (Caused by NameResolutionError("<urllib3.connection.HTTPSConnection object at 0x00000190682F9720>: Failed to resolve 'www.braip.com' ([Errno 11001] getaddrinfo failed)"))
2025-04-29 19:18:04,301 - affiliate_finder - WARNING - Tentativa 2/3 falhou: HTTPSConnectionPool(host='www.braip.com', port=443): Max retries exceeded with url: /marketplace?busca=Vendas+Online (Caused by NameResolutionError("<urllib3.connection.HTTPSConnection object at 0x0000019066DB3730>: Failed to resolve 'www.braip.com' ([Errno 11001] getaddrinfo failed)"))
2025-04-29 19:18:06,322 - affiliate_finder - WARNING - Tentativa 3/3 falhou: HTTPSConnectionPool(host='www.braip.com', port=443): Max retries exceeded with url: /marketplace?busca=Vendas+Online (Caused by NameResolutionError("<urllib3.connection.HTTPSConnection object at 0x0000019066DB2830>: Failed to resolve 'www.braip.com' ([Errno 11001] getaddrinfo failed)"))
2025-04-29 19:18:08,328 - affiliate_finder - ERROR - Todas as tentativas falharam para https://www.braip.com/marketplace?busca=Vendas+Online
2025-04-29 19:18:09,911 - affiliate_finder - INFO - Pesquisando por 'curso vendas online' em Braip
2025-04-29 19:18:09,918 - affiliate_finder - WARNING - Tentativa 1/3 falhou: HTTPSConnectionPool(host='www.braip.com', port=443): Max retries exceeded with url: /marketplace?busca=curso+vendas+online (Caused by NameResolutionError("<urllib3.connection.HTTPSConnection object at 0x000001906902E770>: Failed to resolve 'www.braip.com' ([Errno 11001] getaddrinfo failed)"))
2025-04-29 19:18:11,944 - affiliate_finder - WARNING - Tentativa 2/3 falhou: HTTPSConnectionPool(host='www.braip.com', port=443): Max retries exceeded with url: /marketplace?busca=curso+vendas+online (Caused by NameResolutionError("<urllib3.connection.HTTPSConnection object at 0x000001906902E8C0>: Failed to resolve 'www.braip.com' ([Errno 11001] getaddrinfo failed)"))
2025-04-29 19:18:13,949 - affiliate_finder - WARNING - Tentativa 3/3 falhou: HTTPSConnectionPool(host='www.braip.com', port=443): Max retries exceeded with url: /marketplace?busca=curso+vendas+online (Caused by NameResolutionError("<urllib3.connection.HTTPSConnection object at 0x000001906902F070>: Failed to resolve 'www.braip.com' ([Errno 11001] getaddrinfo failed)"))
2025-04-29 19:18:15,962 - affiliate_finder - ERROR - Todas as tentativas falharam para https://www.braip.com/marketplace?busca=curso+vendas+online
2025-04-29 19:18:17,014 - affiliate_finder - INFO - Pesquisando por 'curso de vendas' em Braip
2025-04-29 19:18:17,033 - affiliate_finder - WARNING - Tentativa 1/3 falhou: HTTPSConnectionPool(host='www.braip.com', port=443): Max retries exceeded with url: /marketplace?busca=curso+de+vendas (Caused by NameResolutionError("<urllib3.connection.HTTPSConnection object at 0x0000019068557370>: Failed to resolve 'www.braip.com' ([Errno 11001] getaddrinfo failed)"))
2025-04-29 19:18:19,065 - affiliate_finder - WARNING - Tentativa 2/3 falhou: HTTPSConnectionPool(host='www.braip.com', port=443): Max retries exceeded with url: /marketplace?busca=curso+de+vendas (Caused by NameResolutionError("<urllib3.connection.HTTPSConnection object at 0x000001906902C310>: Failed to resolve 'www.braip.com' ([Errno 11001] getaddrinfo failed)"))
2025-04-29 19:18:21,084 - affiliate_finder - WARNING - Tentativa 3/3 falhou: HTTPSConnectionPool(host='www.braip.com', port=443): Max retries exceeded with url: /marketplace?busca=curso+de+vendas (Caused by NameResolutionError("<urllib3.connection.HTTPSConnection object at 0x000001906902E2C0>: Failed to resolve 'www.braip.com' ([Errno 11001] getaddrinfo failed)"))
2025-04-29 19:18:23,094 - affiliate_finder - ERROR - Todas as tentativas falharam para https://www.braip.com/marketplace?busca=curso+de+vendas
2025-04-29 19:18:25,285 - affiliate_finder - INFO - Pesquisando por 'vendas online' em Braip
2025-04-29 19:18:25,375 - affiliate_finder - WARNING - Tentativa 1/3 falhou: HTTPSConnectionPool(host='www.braip.com', port=443): Max retries exceeded with url: /marketplace?busca=vendas+online (Caused by NameResolutionError("<urllib3.connection.HTTPSConnection object at 0x0000019066DB25C0>: Failed to resolve 'www.braip.com' ([Errno 11001] getaddrinfo failed)"))
2025-04-29 19:18:27,383 - affiliate_finder - WARNING - Tentativa 2/3 falhou: HTTPSConnectionPool(host='www.braip.com', port=443): Max retries exceeded with url: /marketplace?busca=vendas+online (Caused by NameResolutionError("<urllib3.connection.HTTPSConnection object at 0x0000019066DB0760>: Failed to resolve 'www.braip.com' ([Errno 11001] getaddrinfo failed)"))
2025-04-29 19:18:29,402 - affiliate_finder - WARNING - Tentativa 3/3 falhou: HTTPSConnectionPool(host='www.braip.com', port=443): Max retries exceeded with url: /marketplace?busca=vendas+online (Caused by NameResolutionError("<urllib3.connection.HTTPSConnection object at 0x00000190682F8DC0>: Failed to resolve 'www.braip.com' ([Errno 11001] getaddrinfo failed)"))
2025-04-29 19:18:31,415 - affiliate_finder - ERROR - Todas as tentativas falharam para https://www.braip.com/marketplace?busca=vendas+online
2025-04-29 19:18:33,723 - affiliate_finder - INFO - Pesquisando por 'dropshipping' em Braip
2025-04-29 19:18:33,738 - affiliate_finder - WARNING - Tentativa 1/3 falhou: HTTPSConnectionPool(host='www.braip.com', port=443): Max retries exceeded with url: /marketplace?busca=dropshipping (Caused by NameResolutionError("<urllib3.connection.HTTPSConnection object at 0x0000019066DB3340>: Failed to resolve 'www.braip.com' ([Errno 11001] getaddrinfo failed)"))
2025-04-29 19:18:35,772 - affiliate_finder - WARNING - Tentativa 2/3 falhou: HTTPSConnectionPool(host='www.braip.com', port=443): Max retries exceeded with url: /marketplace?busca=dropshipping (Caused by NameResolutionError("<urllib3.connection.HTTPSConnection object at 0x0000019066DB34C0>: Failed to resolve 'www.braip.com' ([Errno 11001] getaddrinfo failed)"))
2025-04-29 19:18:37,781 - affiliate_finder - WARNING - Tentativa 3/3 falhou: HTTPSConnectionPool(host='www.braip.com', port=443): Max retries exceeded with url: /marketplace?busca=dropshipping (Caused by NameResolutionError("<urllib3.connection.HTTPSConnection object at 0x000001906902C100>: Failed to resolve 'www.braip.com' ([Errno 11001] getaddrinfo failed)"))
2025-04-29 19:18:39,783 - affiliate_finder - ERROR - Todas as tentativas falharam para https://www.braip.com/marketplace?busca=dropshipping
2025-04-29 19:18:42,683 - affiliate_finder - INFO - Pesquisando por 'curso dropshipping' em Braip
2025-04-29 19:18:42,702 - affiliate_finder - WARNING - Tentativa 1/3 falhou: HTTPSConnectionPool(host='www.braip.com', port=443): Max retries exceeded with url: /marketplace?busca=curso+dropshipping (Caused by NameResolutionError("<urllib3.connection.HTTPSConnection object at 0x000001906902C040>: Failed to resolve 'www.braip.com' ([Errno 11001] getaddrinfo failed)"))
2025-04-29 19:18:44,723 - affiliate_finder - WARNING - Tentativa 2/3 falhou: HTTPSConnectionPool(host='www.braip.com', port=443): Max retries exceeded with url: /marketplace?busca=curso+dropshipping (Caused by NameResolutionError("<urllib3.connection.HTTPSConnection object at 0x000001906902C670>: Failed to resolve 'www.braip.com' ([Errno 11001] getaddrinfo failed)"))
2025-04-29 19:18:46,738 - affiliate_finder - WARNING - Tentativa 3/3 falhou: HTTPSConnectionPool(host='www.braip.com', port=443): Max retries exceeded with url: /marketplace?busca=curso+dropshipping (Caused by NameResolutionError("<urllib3.connection.HTTPSConnection object at 0x00000190682FA470>: Failed to resolve 'www.braip.com' ([Errno 11001] getaddrinfo failed)"))
2025-04-29 19:18:48,745 - affiliate_finder - ERROR - Todas as tentativas falharam para https://www.braip.com/marketplace?busca=curso+dropshipping
2025-04-29 19:18:49,933 - affiliate_finder - INFO - Pesquisando por 'ebook empreendedorismo' em Braip
2025-04-29 19:18:49,954 - affiliate_finder - WARNING - Tentativa 1/3 falhou: HTTPSConnectionPool(host='www.braip.com', port=443): Max retries exceeded with url: /marketplace?busca=ebook+empreendedorismo (Caused by NameResolutionError("<urllib3.connection.HTTPSConnection object at 0x000001906902C820>: Failed to resolve 'www.braip.com' ([Errno 11001] getaddrinfo failed)"))
2025-04-29 19:18:51,970 - affiliate_finder - WARNING - Tentativa 2/3 falhou: HTTPSConnectionPool(host='www.braip.com', port=443): Max retries exceeded with url: /marketplace?busca=ebook+empreendedorismo (Caused by NameResolutionError("<urllib3.connection.HTTPSConnection object at 0x000001906902E0E0>: Failed to resolve 'www.braip.com' ([Errno 11001] getaddrinfo failed)"))
2025-04-29 19:18:53,971 - affiliate_finder - WARNING - Tentativa 3/3 falhou: HTTPSConnectionPool(host='www.braip.com', port=443): Max retries exceeded with url: /marketplace?busca=ebook+empreendedorismo (Caused by NameResolutionError("<urllib3.connection.HTTPSConnection object at 0x000001906902E680>: Failed to resolve 'www.braip.com' ([Errno 11001] getaddrinfo failed)"))
2025-04-29 19:18:55,975 - affiliate_finder - ERROR - Todas as tentativas falharam para https://www.braip.com/marketplace?busca=ebook+empreendedorismo
2025-04-29 19:18:58,651 - affiliate_finder - INFO - Pesquisando por 'empreendedorismo digital' em Braip
2025-04-29 19:18:58,668 - affiliate_finder - WARNING - Tentativa 1/3 falhou: HTTPSConnectionPool(host='www.braip.com', port=443): Max retries exceeded with url: /marketplace?busca=empreendedorismo+digital (Caused by NameResolutionError("<urllib3.connection.HTTPSConnection object at 0x000001906902D030>: Failed to resolve 'www.braip.com' ([Errno 11001] getaddrinfo failed)"))
2025-04-29 19:19:00,675 - affiliate_finder - WARNING - Tentativa 2/3 falhou: HTTPSConnectionPool(host='www.braip.com', port=443): Max retries exceeded with url: /marketplace?busca=empreendedorismo+digital (Caused by NameResolutionError("<urllib3.connection.HTTPSConnection object at 0x0000019066DB0280>: Failed to resolve 'www.braip.com' ([Errno 11001] getaddrinfo failed)"))
2025-04-29 19:19:02,691 - affiliate_finder - WARNING - Tentativa 3/3 falhou: HTTPSConnectionPool(host='www.braip.com', port=443): Max retries exceeded with url: /marketplace?busca=empreendedorismo+digital (Caused by NameResolutionError("<urllib3.connection.HTTPSConnection object at 0x0000019066DB2470>: Failed to resolve 'www.braip.com' ([Errno 11001] getaddrinfo failed)"))
2025-04-29 19:19:04,703 - affiliate_finder - ERROR - Todas as tentativas falharam para https://www.braip.com/marketplace?busca=empreendedorismo+digital
2025-04-29 19:19:06,787 - affiliate_finder - INFO - Pesquisando por 'marketing digital' em Braip
2025-04-29 19:19:06,804 - affiliate_finder - WARNING - Tentativa 1/3 falhou: HTTPSConnectionPool(host='www.braip.com', port=443): Max retries exceeded with url: /marketplace?busca=marketing+digital (Caused by NameResolutionError("<urllib3.connection.HTTPSConnection object at 0x000001906902CF10>: Failed to resolve 'www.braip.com' ([Errno 11001] getaddrinfo failed)"))
2025-04-29 19:19:08,826 - affiliate_finder - WARNING - Tentativa 2/3 falhou: HTTPSConnectionPool(host='www.braip.com', port=443): Max retries exceeded with url: /marketplace?busca=marketing+digital (Caused by NameResolutionError("<urllib3.connection.HTTPSConnection object at 0x000001906902DF60>: Failed to resolve 'www.braip.com' ([Errno 11001] getaddrinfo failed)"))
2025-04-29 19:19:10,889 - affiliate_finder - WARNING - Tentativa 3/3 falhou: HTTPSConnectionPool(host='www.braip.com', port=443): Max retries exceeded with url: /marketplace?busca=marketing+digital (Caused by NameResolutionError("<urllib3.connection.HTTPSConnection object at 0x000001906902CAC0>: Failed to resolve 'www.braip.com' ([Errno 11001] getaddrinfo failed)"))
2025-04-29 19:19:12,904 - affiliate_finder - ERROR - Todas as tentativas falharam para https://www.braip.com/marketplace?busca=marketing+digital
2025-04-29 19:19:14,409 - affiliate_finder - INFO - Pesquisando por 'afiliado' em Braip
2025-04-29 19:19:14,447 - affiliate_finder - WARNING - Tentativa 1/3 falhou: HTTPSConnectionPool(host='www.braip.com', port=443): Max retries exceeded with url: /marketplace?busca=afiliado (Caused by NameResolutionError("<urllib3.connection.HTTPSConnection object at 0x000001906902C670>: Failed to resolve 'www.braip.com' ([Errno 11001] getaddrinfo failed)"))
2025-04-29 19:19:16,458 - affiliate_finder - WARNING - Tentativa 2/3 falhou: HTTPSConnectionPool(host='www.braip.com', port=443): Max retries exceeded with url: /marketplace?busca=afiliado (Caused by NameResolutionError("<urllib3.connection.HTTPSConnection object at 0x0000019066DB2AD0>: Failed to resolve 'www.braip.com' ([Errno 11001] getaddrinfo failed)"))
2025-04-29 19:19:18,482 - affiliate_finder - WARNING - Tentativa 3/3 falhou: HTTPSConnectionPool(host='www.braip.com', port=443): Max retries exceeded with url: /marketplace?busca=afiliado (Caused by NameResolutionError("<urllib3.connection.HTTPSConnection object at 0x000001906902C3D0>: Failed to resolve 'www.braip.com' ([Errno 11001] getaddrinfo failed)"))
2025-04-29 19:19:20,496 - affiliate_finder - ERROR - Todas as tentativas falharam para https://www.braip.com/marketplace?busca=afiliado
2025-04-29 19:19:21,939 - affiliate_finder - INFO - Pesquisando por 'renda extra' em Braip
2025-04-29 19:19:21,955 - affiliate_finder - WARNING - Tentativa 1/3 falhou: HTTPSConnectionPool(host='www.braip.com', port=443): Max retries exceeded with url: /marketplace?busca=renda+extra (Caused by NameResolutionError("<urllib3.connection.HTTPSConnection object at 0x000001906902F070>: Failed to resolve 'www.braip.com' ([Errno 11001] getaddrinfo failed)"))
2025-04-29 19:19:23,960 - affiliate_finder - WARNING - Tentativa 2/3 falhou: HTTPSConnectionPool(host='www.braip.com', port=443): Max retries exceeded with url: /marketplace?busca=renda+extra (Caused by NameResolutionError("<urllib3.connection.HTTPSConnection object at 0x000001906902E8C0>: Failed to resolve 'www.braip.com' ([Errno 11001] getaddrinfo failed)"))
2025-04-29 19:19:25,977 - affiliate_finder - WARNING - Tentativa 3/3 falhou: HTTPSConnectionPool(host='www.braip.com', port=443): Max retries exceeded with url: /marketplace?busca=renda+extra (Caused by NameResolutionError("<urllib3.connection.HTTPSConnection object at 0x000001906902E6E0>: Failed to resolve 'www.braip.com' ([Errno 11001] getaddrinfo failed)"))
2025-04-29 19:19:27,989 - affiliate_finder - ERROR - Todas as tentativas falharam para https://www.braip.com/marketplace?busca=renda+extra
2025-04-29 19:19:30,308 - affiliate_finder - INFO - Pesquisando por 'trabalhar em casa' em Braip
2025-04-29 19:19:30,330 - affiliate_finder - WARNING - Tentativa 1/3 falhou: HTTPSConnectionPool(host='www.braip.com', port=443): Max retries exceeded with url: /marketplace?busca=trabalhar+em+casa (Caused by NameResolutionError("<urllib3.connection.HTTPSConnection object at 0x0000019066DB0580>: Failed to resolve 'www.braip.com' ([Errno 11001] getaddrinfo failed)"))
2025-04-29 19:19:32,342 - affiliate_finder - WARNING - Tentativa 2/3 falhou: HTTPSConnectionPool(host='www.braip.com', port=443): Max retries exceeded with url: /marketplace?busca=trabalhar+em+casa (Caused by NameResolutionError("<urllib3.connection.HTTPSConnection object at 0x0000019066DB1900>: Failed to resolve 'www.braip.com' ([Errno 11001] getaddrinfo failed)"))
2025-04-29 19:19:34,365 - affiliate_finder - WARNING - Tentativa 3/3 falhou: HTTPSConnectionPool(host='www.braip.com', port=443): Max retries exceeded with url: /marketplace?busca=trabalhar+em+casa (Caused by NameResolutionError("<urllib3.connection.HTTPSConnection object at 0x000001906902CF70>: Failed to resolve 'www.braip.com' ([Errno 11001] getaddrinfo failed)"))
2025-04-29 19:19:36,378 - affiliate_finder - ERROR - Todas as tentativas falharam para https://www.braip.com/marketplace?busca=trabalhar+em+casa
2025-04-29 19:19:38,740 - affiliate_finder - INFO - Pesquisando por 'negócio online' em Braip
2025-04-29 19:19:38,759 - affiliate_finder - WARNING - Tentativa 1/3 falhou: HTTPSConnectionPool(host='www.braip.com', port=443): Max retries exceeded with url: /marketplace?busca=neg%C3%B3cio+online (Caused by NameResolutionError("<urllib3.connection.HTTPSConnection object at 0x000001906902ECE0>: Failed to resolve 'www.braip.com' ([Errno 11001] getaddrinfo failed)"))
2025-04-29 19:19:40,768 - affiliate_finder - WARNING - Tentativa 2/3 falhou: HTTPSConnectionPool(host='www.braip.com', port=443): Max retries exceeded with url: /marketplace?busca=neg%C3%B3cio+online (Caused by NameResolutionError("<urllib3.connection.HTTPSConnection object at 0x000001906902E920>: Failed to resolve 'www.braip.com' ([Errno 11001] getaddrinfo failed)"))
2025-04-29 19:19:42,777 - affiliate_finder - WARNING - Tentativa 3/3 falhou: HTTPSConnectionPool(host='www.braip.com', port=443): Max retries exceeded with url: /marketplace?busca=neg%C3%B3cio+online (Caused by NameResolutionError("<urllib3.connection.HTTPSConnection object at 0x000001906902CAF0>: Failed to resolve 'www.braip.com' ([Errno 11001] getaddrinfo failed)"))
2025-04-29 19:19:44,792 - affiliate_finder - ERROR - Todas as tentativas falharam para https://www.braip.com/marketplace?busca=negócio+online
2025-04-29 19:19:45,992 - affiliate_finder - INFO - Pesquisando por 'infoproduto' em Braip
2025-04-29 19:19:46,011 - affiliate_finder - WARNING - Tentativa 1/3 falhou: HTTPSConnectionPool(host='www.braip.com', port=443): Max retries exceeded with url: /marketplace?busca=infoproduto (Caused by NameResolutionError("<urllib3.connection.HTTPSConnection object at 0x0000019066DB0F10>: Failed to resolve 'www.braip.com' ([Errno 11001] getaddrinfo failed)"))
2025-04-29 19:19:48,028 - affiliate_finder - WARNING - Tentativa 2/3 falhou: HTTPSConnectionPool(host='www.braip.com', port=443): Max retries exceeded with url: /marketplace?busca=infoproduto (Caused by NameResolutionError("<urllib3.connection.HTTPSConnection object at 0x0000019066DB24A0>: Failed to resolve 'www.braip.com' ([Errno 11001] getaddrinfo failed)"))
2025-04-29 19:19:50,050 - affiliate_finder - WARNING - Tentativa 3/3 falhou: HTTPSConnectionPool(host='www.braip.com', port=443): Max retries exceeded with url: /marketplace?busca=infoproduto (Caused by NameResolutionError("<urllib3.connection.HTTPSConnection object at 0x000001906902E9B0>: Failed to resolve 'www.braip.com' ([Errno 11001] getaddrinfo failed)"))
2025-04-29 19:19:52,061 - affiliate_finder - ERROR - Todas as tentativas falharam para https://www.braip.com/marketplace?busca=infoproduto
2025-04-29 19:19:53,075 - affiliate_finder - INFO - Pesquisando por 'vendas digitais' em Braip
2025-04-29 19:19:53,096 - affiliate_finder - WARNING - Tentativa 1/3 falhou: HTTPSConnectionPool(host='www.braip.com', port=443): Max retries exceeded with url: /marketplace?busca=vendas+digitais (Caused by NameResolutionError("<urllib3.connection.HTTPSConnection object at 0x000001906902C850>: Failed to resolve 'www.braip.com' ([Errno 11001] getaddrinfo failed)"))
2025-04-29 19:19:55,113 - affiliate_finder - WARNING - Tentativa 2/3 falhou: HTTPSConnectionPool(host='www.braip.com', port=443): Max retries exceeded with url: /marketplace?busca=vendas+digitais (Caused by NameResolutionError("<urllib3.connection.HTTPSConnection object at 0x000001906902EEF0>: Failed to resolve 'www.braip.com' ([Errno 11001] getaddrinfo failed)"))
2025-04-29 19:19:57,132 - affiliate_finder - WARNING - Tentativa 3/3 falhou: HTTPSConnectionPool(host='www.braip.com', port=443): Max retries exceeded with url: /marketplace?busca=vendas+digitais (Caused by NameResolutionError("<urllib3.connection.HTTPSConnection object at 0x000001906902E860>: Failed to resolve 'www.braip.com' ([Errno 11001] getaddrinfo failed)"))
2025-04-29 19:19:59,144 - affiliate_finder - ERROR - Todas as tentativas falharam para https://www.braip.com/marketplace?busca=vendas+digitais
2025-04-29 19:20:01,042 - affiliate_finder - INFO - Pesquisando por 'curso digital' em Braip
2025-04-29 19:20:01,059 - affiliate_finder - WARNING - Tentativa 1/3 falhou: HTTPSConnectionPool(host='www.braip.com', port=443): Max retries exceeded with url: /marketplace?busca=curso+digital (Caused by NameResolutionError("<urllib3.connection.HTTPSConnection object at 0x0000019066DB2EF0>: Failed to resolve 'www.braip.com' ([Errno 11001] getaddrinfo failed)"))
2025-04-29 19:20:03,068 - affiliate_finder - WARNING - Tentativa 2/3 falhou: HTTPSConnectionPool(host='www.braip.com', port=443): Max retries exceeded with url: /marketplace?busca=curso+digital (Caused by NameResolutionError("<urllib3.connection.HTTPSConnection object at 0x0000019066DB1C90>: Failed to resolve 'www.braip.com' ([Errno 11001] getaddrinfo failed)"))
2025-04-29 19:20:05,085 - affiliate_finder - WARNING - Tentativa 3/3 falhou: HTTPSConnectionPool(host='www.braip.com', port=443): Max retries exceeded with url: /marketplace?busca=curso+digital (Caused by NameResolutionError("<urllib3.connection.HTTPSConnection object at 0x000001906902C070>: Failed to resolve 'www.braip.com' ([Errno 11001] getaddrinfo failed)"))
2025-04-29 19:20:07,095 - affiliate_finder - ERROR - Todas as tentativas falharam para https://www.braip.com/marketplace?busca=curso+digital
2025-04-29 19:20:09,346 - affiliate_finder - INFO - Sem resultados reais para Braip, usando dados simulados
2025-04-29 19:20:12,299 - affiliate_finder - INFO - Total de programas de afiliados encontrados: 33
2025-04-29 19:20:12,472 - affiliate_finder - INFO - Dados salvos em output/data/affiliate_programs.csv
2025-04-29 19:20:12,533 - affiliate_finder - INFO - Relatório gerado em: output/reports/affiliate_opportunities.html
2025-04-29 19:20:12,534 - main - INFO - Encontrados 33 programas de afiliados. Top 10 selecionados.
2025-04-29 19:20:12,537 - main - INFO - Relatório de afiliados gerado: output/reports/affiliate_opportunities.html
2025-04-29 19:20:12,541 - main - INFO - Processo finalizado com sucesso. Relatório gerado: output/reports/top_opportunities_2025-04-29_19-13-01.csv
2025-04-30 17:56:24,437 - main - INFO - Iniciando sistema de análise de franquias sem estoque...
2025-04-30 17:56:24,452 - main - INFO - Diretório criado/verificado: logs
2025-04-30 17:56:24,475 - main - INFO - Diretório criado/verificado: output
2025-04-30 17:56:24,476 - main - INFO - Diretório criado/verificado: output/data
2025-04-30 17:56:24,477 - main - INFO - Diretório criado/verificado: output/reports
2025-04-30 17:56:24,478 - main - INFO - Diretório criado/verificado: output/creatives
2025-04-30 17:56:24,478 - main - INFO - Iniciando coleta de dados...
2025-04-30 17:56:24,479 - main - INFO - Coletando dados de franquias...
2025-04-30 17:56:24,614 - franchise_scraper - INFO - Inicializado com 3 fontes configuradas
2025-04-30 17:56:24,615 - franchise_scraper - INFO - Iniciando coleta da fonte: Portal Franquias
2025-04-30 17:56:25,886 - franchise_scraper - WARNING - Tentativa 1/3 falhou: HTTPSConnectionPool(host='www.portaldafranquia.com.br', port=443): Max retries exceeded with url: /franquias/ (Caused by SSLError(SSLEOFError(8, 'EOF occurred in violation of protocol (_ssl.c:997)')))
2025-04-30 17:56:26,010 - franchise_scraper - WARNING - Tentativa 2/3 falhou: HTTPSConnectionPool(host='www.portaldafranquia.com.br', port=443): Max retries exceeded with url: /franquias/ (Caused by SSLError(SSLEOFError(8, 'EOF occurred in violation of protocol (_ssl.c:997)')))
2025-04-30 17:56:26,139 - franchise_scraper - WARNING - Tentativa 3/3 falhou: HTTPSConnectionPool(host='www.portaldafranquia.com.br', port=443): Max retries exceeded with url: /franquias/ (Caused by SSLError(SSLEOFError(8, 'EOF occurred in violation of protocol (_ssl.c:997)')))
2025-04-30 17:56:26,140 - franchise_scraper - ERROR - Todas as tentativas falharam para https://www.portaldafranquia.com.br/franquias/
2025-04-30 17:56:26,142 - franchise_scraper - INFO - Iniciando coleta da fonte: ABF Franquias
2025-04-30 17:56:28,507 - franchise_scraper - WARNING - Requisição falhou com status 404 para https://www.abf.com.br/encontre-uma-franquia/
2025-04-30 17:56:30,617 - franchise_scraper - WARNING - Requisição falhou com status 404 para https://www.abf.com.br/encontre-uma-franquia/
2025-04-30 17:56:32,883 - franchise_scraper - WARNING - Requisição falhou com status 404 para https://www.abf.com.br/encontre-uma-franquia/
2025-04-30 17:56:32,884 - franchise_scraper - ERROR - Todas as tentativas falharam para https://www.abf.com.br/encontre-uma-franquia/
2025-04-30 17:56:32,888 - franchise_scraper - INFO - Iniciando coleta da fonte: Franquias Brasil
2025-04-30 17:56:33,945 - franchise_scraper - INFO - Encontrados 0 itens em Franquias Brasil
2025-04-30 17:56:33,946 - franchise_scraper - INFO - Coletadas 0 oportunidades de Franquias Brasil
2025-04-30 17:56:34,043 - franchise_scraper - WARNING - Nenhuma oportunidade encontrada
2025-04-30 17:56:34,045 - main - WARNING - Nenhuma oportunidade de franquia encontrada.
2025-04-30 17:56:34,046 - main - INFO - Coletando dados de marketplaces...
2025-04-30 17:56:34,087 - marketplace_scraper - INFO - Inicializado com 3 marketplaces configurados
2025-04-30 17:56:34,088 - marketplace_scraper - INFO - Iniciando coleta de Amazon
2025-04-30 17:56:34,091 - marketplace_scraper - INFO - Buscando por 'dropshipping' em Amazon
2025-04-30 17:56:34,417 - marketplace_scraper - WARNING - Requisição falhou com status 503 para https://www.amazon.com.br/s?k=dropshipping
2025-04-30 17:56:34,626 - marketplace_scraper - WARNING - Requisição falhou com status 503 para https://www.amazon.com.br/s?k=dropshipping
2025-04-30 17:56:34,868 - marketplace_scraper - WARNING - Requisição falhou com status 503 para https://www.amazon.com.br/s?k=dropshipping
2025-04-30 17:56:34,869 - marketplace_scraper - ERROR - Todas as tentativas falharam para https://www.amazon.com.br/s?k=dropshipping
2025-04-30 17:56:34,875 - marketplace_scraper - INFO - Buscando por 'revenda sem estoque' em Amazon
2025-04-30 17:56:36,538 - marketplace_scraper - INFO - Encontrados 48 itens em Amazon
2025-04-30 17:56:36,852 - marketplace_scraper - INFO - Encontrados 0 produtos para 'revenda sem estoque' em Amazon
2025-04-30 17:56:38,943 - marketplace_scraper - INFO - Buscando por 'franquia digital' em Amazon
2025-04-30 17:56:40,507 - marketplace_scraper - INFO - Encontrados 50 itens em Amazon
2025-04-30 17:56:40,775 - marketplace_scraper - INFO - Encontrados 0 produtos para 'franquia digital' em Amazon
2025-04-30 17:56:43,602 - marketplace_scraper - INFO - Buscando por 'vender sem estoque' em Amazon
2025-04-30 17:56:43,838 - marketplace_scraper - WARNING - Requisição falhou com status 503 para https://www.amazon.com.br/s?k=dropshipping
2025-04-30 17:56:45,366 - marketplace_scraper - INFO - Encontrados 50 itens em Amazon
2025-04-30 17:56:45,688 - marketplace_scraper - INFO - Encontrados 0 produtos para 'vender sem estoque' em Amazon
2025-04-30 17:56:48,443 - marketplace_scraper - INFO - Buscando por 'produtos para revender' em Amazon
2025-04-30 17:56:50,399 - marketplace_scraper - INFO - Encontrados 48 itens em Amazon
2025-04-30 17:56:50,652 - marketplace_scraper - INFO - Encontrados 0 produtos para 'produtos para revender' em Amazon
2025-04-30 17:56:52,741 - marketplace_scraper - INFO - Buscando por 'kit revenda' em Amazon
2025-04-30 17:56:54,310 - marketplace_scraper - INFO - Encontrados 50 itens em Amazon
2025-04-30 17:56:54,636 - marketplace_scraper - INFO - Encontrados 0 produtos para 'kit revenda' em Amazon
2025-04-30 17:56:55,788 - marketplace_scraper - INFO - Buscando por 'curso dropshipping' em Amazon
2025-04-30 17:56:56,017 - marketplace_scraper - WARNING - Requisição falhou com status 503 para https://www.amazon.com.br/s?k=dropshipping
2025-04-30 17:56:56,238 - marketplace_scraper - WARNING - Requisição falhou com status 503 para https://www.amazon.com.br/s?k=dropshipping
2025-04-30 17:56:57,707 - marketplace_scraper - INFO - Encontrados 50 itens em Amazon
2025-04-30 17:56:57,973 - marketplace_scraper - INFO - Encontrados 0 produtos para 'curso dropshipping' em Amazon
2025-04-30 17:57:00,476 - marketplace_scraper - INFO - Buscando por 'método afiliado' em Amazon
2025-04-30 17:57:00,714 - marketplace_scraper - WARNING - Requisição falhou com status 503 para https://www.amazon.com.br/s?k=dropshipping
2025-04-30 17:57:02,244 - marketplace_scraper - INFO - Encontrados 48 itens em Amazon
2025-04-30 17:57:02,512 - marketplace_scraper - INFO - Encontrados 0 produtos para 'método afiliado' em Amazon
2025-04-30 17:57:04,105 - marketplace_scraper - INFO - Buscando por 'sistema de revenda' em Amazon
2025-04-30 17:57:04,341 - marketplace_scraper - WARNING - Requisição falhou com status 503 para https://www.amazon.com.br/s?k=dropshipping
2025-04-30 17:57:05,889 - marketplace_scraper - INFO - Encontrados 48 itens em Amazon
2025-04-30 17:57:06,145 - marketplace_scraper - INFO - Encontrados 0 produtos para 'sistema de revenda' em Amazon
2025-04-30 17:57:07,998 - marketplace_scraper - INFO - Buscando por 'produtos lucrativos' em Amazon
2025-04-30 17:57:09,505 - marketplace_scraper - INFO - Encontrados 50 itens em Amazon
2025-04-30 17:57:09,825 - marketplace_scraper - INFO - Encontrados 0 produtos para 'produtos lucrativos' em Amazon
2025-04-30 17:57:12,600 - marketplace_scraper - INFO - Iniciando coleta de Mercado Livre
2025-04-30 17:57:12,600 - marketplace_scraper - INFO - Buscando por 'dropshipping' em Mercado Livre
2025-04-30 17:57:14,058 - marketplace_scraper - INFO - Encontrados 0 itens em Mercado Livre
2025-04-30 17:57:14,059 - marketplace_scraper - INFO - Encontrados 0 produtos para 'dropshipping' em Mercado Livre
2025-04-30 17:57:15,653 - marketplace_scraper - INFO - Buscando por 'revenda sem estoque' em Mercado Livre
2025-04-30 17:57:17,257 - marketplace_scraper - INFO - Encontrados 0 itens em Mercado Livre
2025-04-30 17:57:17,258 - marketplace_scraper - INFO - Encontrados 0 produtos para 'revenda sem estoque' em Mercado Livre
2025-04-30 17:57:18,539 - marketplace_scraper - INFO - Buscando por 'franquia digital' em Mercado Livre
2025-04-30 17:57:20,685 - marketplace_scraper - INFO - Encontrados 0 itens em Mercado Livre
2025-04-30 17:57:20,686 - marketplace_scraper - INFO - Encontrados 0 produtos para 'franquia digital' em Mercado Livre
2025-04-30 17:57:23,594 - marketplace_scraper - INFO - Buscando por 'vender sem estoque' em Mercado Livre
2025-04-30 17:57:25,624 - marketplace_scraper - INFO - Encontrados 0 itens em Mercado Livre
2025-04-30 17:57:25,625 - marketplace_scraper - INFO - Encontrados 0 produtos para 'vender sem estoque' em Mercado Livre
2025-04-30 17:57:28,069 - marketplace_scraper - INFO - Buscando por 'produtos para revender' em Mercado Livre
2025-04-30 17:57:30,483 - marketplace_scraper - INFO - Encontrados 0 itens em Mercado Livre
2025-04-30 17:57:30,484 - marketplace_scraper - INFO - Encontrados 0 produtos para 'produtos para revender' em Mercado Livre
2025-04-30 17:57:33,116 - marketplace_scraper - INFO - Buscando por 'kit revenda' em Mercado Livre
2025-04-30 17:57:35,108 - marketplace_scraper - INFO - Encontrados 0 itens em Mercado Livre
2025-04-30 17:57:35,109 - marketplace_scraper - INFO - Encontrados 0 produtos para 'kit revenda' em Mercado Livre
2025-04-30 17:57:36,711 - marketplace_scraper - INFO - Buscando por 'curso dropshipping' em Mercado Livre
2025-04-30 17:57:38,928 - marketplace_scraper - INFO - Encontrados 0 itens em Mercado Livre
2025-04-30 17:57:38,929 - marketplace_scraper - INFO - Encontrados 0 produtos para 'curso dropshipping' em Mercado Livre
2025-04-30 17:57:40,773 - marketplace_scraper - INFO - Buscando por 'método afiliado' em Mercado Livre
2025-04-30 17:57:43,259 - marketplace_scraper - INFO - Encontrados 0 itens em Mercado Livre
2025-04-30 17:57:43,260 - marketplace_scraper - INFO - Encontrados 0 produtos para 'método afiliado' em Mercado Livre
2025-04-30 17:57:44,491 - marketplace_scraper - INFO - Buscando por 'sistema de revenda' em Mercado Livre
2025-04-30 17:57:46,293 - marketplace_scraper - INFO - Encontrados 0 itens em Mercado Livre
2025-04-30 17:57:46,293 - marketplace_scraper - INFO - Encontrados 0 produtos para 'sistema de revenda' em Mercado Livre
2025-04-30 17:57:48,060 - marketplace_scraper - INFO - Buscando por 'produtos lucrativos' em Mercado Livre
2025-04-30 17:57:50,143 - marketplace_scraper - INFO - Encontrados 0 itens em Mercado Livre
2025-04-30 17:57:50,143 - marketplace_scraper - INFO - Encontrados 0 produtos para 'produtos lucrativos' em Mercado Livre
2025-04-30 17:57:51,377 - marketplace_scraper - INFO - Iniciando coleta de Shopee
2025-04-30 17:57:51,378 - marketplace_scraper - INFO - Buscando por 'dropshipping' em Shopee
2025-04-30 17:57:51,892 - marketplace_scraper - INFO - Encontrados 0 itens em Shopee
2025-04-30 17:57:51,893 - marketplace_scraper - INFO - Encontrados 0 produtos para 'dropshipping' em Shopee
2025-04-30 17:57:53,679 - marketplace_scraper - INFO - Buscando por 'revenda sem estoque' em Shopee
2025-04-30 17:57:54,181 - marketplace_scraper - INFO - Encontrados 0 itens em Shopee
2025-04-30 17:57:54,182 - marketplace_scraper - INFO - Encontrados 0 produtos para 'revenda sem estoque' em Shopee
2025-04-30 17:57:57,085 - marketplace_scraper - INFO - Buscando por 'franquia digital' em Shopee
2025-04-30 17:57:57,578 - marketplace_scraper - INFO - Encontrados 0 itens em Shopee
2025-04-30 17:57:57,579 - marketplace_scraper - INFO - Encontrados 0 produtos para 'franquia digital' em Shopee
2025-04-30 17:58:00,252 - marketplace_scraper - INFO - Buscando por 'vender sem estoque' em Shopee
2025-04-30 17:58:00,742 - marketplace_scraper - INFO - Encontrados 0 itens em Shopee
2025-04-30 17:58:00,744 - marketplace_scraper - INFO - Encontrados 0 produtos para 'vender sem estoque' em Shopee
2025-04-30 17:58:02,135 - marketplace_scraper - INFO - Buscando por 'produtos para revender' em Shopee
2025-04-30 17:58:02,619 - marketplace_scraper - INFO - Encontrados 0 itens em Shopee
2025-04-30 17:58:02,619 - marketplace_scraper - INFO - Encontrados 0 produtos para 'produtos para revender' em Shopee
2025-04-30 17:58:04,945 - marketplace_scraper - INFO - Buscando por 'kit revenda' em Shopee
2025-04-30 17:58:05,435 - marketplace_scraper - INFO - Encontrados 0 itens em Shopee
2025-04-30 17:58:05,437 - marketplace_scraper - INFO - Encontrados 0 produtos para 'kit revenda' em Shopee
2025-04-30 17:58:06,959 - marketplace_scraper - INFO - Buscando por 'curso dropshipping' em Shopee
2025-04-30 17:58:07,449 - marketplace_scraper - INFO - Encontrados 0 itens em Shopee
2025-04-30 17:58:07,450 - marketplace_scraper - INFO - Encontrados 0 produtos para 'curso dropshipping' em Shopee
2025-04-30 17:58:08,727 - marketplace_scraper - INFO - Buscando por 'método afiliado' em Shopee
2025-04-30 17:58:09,225 - marketplace_scraper - INFO - Encontrados 0 itens em Shopee
2025-04-30 17:58:09,226 - marketplace_scraper - INFO - Encontrados 0 produtos para 'método afiliado' em Shopee
2025-04-30 17:58:10,819 - marketplace_scraper - INFO - Buscando por 'sistema de revenda' em Shopee
2025-04-30 17:58:11,299 - marketplace_scraper - INFO - Encontrados 0 itens em Shopee
2025-04-30 17:58:11,300 - marketplace_scraper - INFO - Encontrados 0 produtos para 'sistema de revenda' em Shopee
2025-04-30 17:58:12,460 - marketplace_scraper - INFO - Buscando por 'produtos lucrativos' em Shopee
2025-04-30 17:58:12,947 - marketplace_scraper - INFO - Encontrados 0 itens em Shopee
2025-04-30 17:58:12,948 - marketplace_scraper - INFO - Encontrados 0 produtos para 'produtos lucrativos' em Shopee
2025-04-30 17:58:14,932 - marketplace_scraper - WARNING - Nenhum produto encontrado
2025-04-30 17:58:14,938 - main - WARNING - Nenhum produto de marketplace encontrado.
2025-04-30 17:58:14,940 - main - INFO - Monitorando tendências em redes sociais...
2025-04-30 17:58:15,350 - social_media_monitor - INFO - Inicializado com 3 plataformas configuradas
2025-04-30 17:58:15,350 - social_media_monitor - INFO - Coletando tendências do instagram
2025-04-30 17:58:15,355 - social_media_monitor - INFO - API key para Instagram não configurada, usando dados simulados
2025-04-30 17:58:15,357 - social_media_monitor - INFO - Coletadas 24 tendências do instagram
2025-04-30 17:58:17,366 - social_media_monitor - INFO - Coletando tendências do twitter
2025-04-30 17:58:17,367 - social_media_monitor - INFO - API key para Twitter não configurada, usando dados simulados
2025-04-30 17:58:17,374 - social_media_monitor - INFO - Coletadas 33 tendências do twitter
2025-04-30 17:58:19,382 - social_media_monitor - INFO - Coletando tendências do tiktok
2025-04-30 17:58:19,383 - social_media_monitor - INFO - API key para TikTok não configurada, usando dados simulados
2025-04-30 17:58:19,390 - social_media_monitor - INFO - Coletadas 21 tendências do tiktok
2025-04-30 17:58:21,811 - social_media_monitor - INFO - Total de tendências relevantes: 68
2025-04-30 17:58:21,912 - social_media_monitor - INFO - Dados salvos em output/data/social_media_trends.csv
2025-04-30 17:58:21,913 - main - INFO - Coletadas 68 tendências de redes sociais.
2025-04-30 17:58:21,918 - main - INFO - Coletando estatísticas de vendas...
2025-04-30 17:58:21,999 - sales_data_collector - INFO - Inicializado com 3 fontes configuradas
2025-04-30 17:58:22,000 - sales_data_collector - INFO - Coletando dados de vendas de marketplace_api
2025-04-30 17:58:22,004 - sales_data_collector - INFO - API key para marketplace não configurada, usando dados simulados
2025-04-30 17:58:22,412 - sales_data_collector - INFO - Coletados 8100 registros de vendas de marketplace_api
2025-04-30 17:58:24,413 - sales_data_collector - INFO - Coletando dados de vendas de affiliate_networks
2025-04-30 17:58:24,610 - sales_data_collector - INFO - Coletados 4241 registros de vendas de affiliate_networks
2025-04-30 17:58:26,616 - sales_data_collector - INFO - Coletando dados de vendas de ecommerce
2025-04-30 17:58:26,818 - sales_data_collector - INFO - Coletados 3999 registros de vendas de ecommerce
2025-04-30 17:58:29,285 - sales_data_collector - INFO - Total de dados de vendas relevantes: 15553
2025-04-30 17:58:29,680 - sales_data_collector - INFO - Dados salvos em output/data/sales_data.csv
2025-04-30 17:58:29,680 - main - INFO - Coletados 15553 registros de vendas.
2025-04-30 17:58:29,682 - main - INFO - Analisando resultados...
2025-04-30 17:58:29,684 - sales_data_collector - INFO - Inicializado com 3 fontes configuradas
2025-04-30 17:58:30,067 - main - INFO - Top produtos por comissão identificados: 10
2025-04-30 17:58:30,085 - main - INFO - Desempenho por categoria analisado: 11 categorias
2025-04-30 17:58:30,087 - main - INFO - Top tendências identificadas: 10
2025-04-30 17:58:30,090 - main - INFO - Identificando as melhores oportunidades...
2025-04-30 17:58:30,135 - main - INFO - Identificadas 3 melhores oportunidades.
2025-04-30 17:58:30,136 - main - INFO - Gerando relatório...
2025-04-30 17:58:30,214 - main - INFO - Relatório salvo em: output/reports/top_opportunities_2025-04-30_17-58-30.csv
2025-04-30 17:58:30,215 - main - INFO - Buscando programas de afiliados para as melhores oportunidades...
2025-04-30 17:58:30,233 - affiliate_finder - INFO - Inicializado com 5 plataformas de afiliados configuradas
2025-04-30 17:58:30,235 - affiliate_finder - INFO - Buscando programas de afiliados para 3 produtos usando 21 termos de busca
2025-04-30 17:58:30,239 - affiliate_finder - INFO - Buscando em Hotmart
2025-04-30 17:58:30,241 - affiliate_finder - INFO - Pesquisando por 'Curso de Design Gráfico' em Hotmart
2025-04-30 17:58:32,273 - affiliate_finder - INFO - Encontrados 0 elementos de produto na página
2025-04-30 17:58:33,537 - affiliate_finder - INFO - Pesquisando por 'Design Gráfico' em Hotmart
2025-04-30 17:58:35,165 - affiliate_finder - INFO - Encontrados 0 elementos de produto na página
2025-04-30 17:58:37,288 - affiliate_finder - INFO - Pesquisando por 'Ebook Empreendedorismo' em Hotmart
2025-04-30 17:58:39,051 - affiliate_finder - INFO - Encontrados 0 elementos de produto na página
2025-04-30 17:58:40,116 - affiliate_finder - INFO - Pesquisando por 'Empreendedorismo' em Hotmart
2025-04-30 17:58:41,875 - affiliate_finder - INFO - Encontrados 0 elementos de produto na página
2025-04-30 17:58:44,660 - affiliate_finder - INFO - Pesquisando por 'Curso de Vendas Online' em Hotmart
2025-04-30 17:58:46,397 - affiliate_finder - INFO - Encontrados 0 elementos de produto na página
2025-04-30 17:58:48,191 - affiliate_finder - INFO - Pesquisando por 'Vendas Online' em Hotmart
2025-04-30 17:58:49,833 - affiliate_finder - INFO - Encontrados 0 elementos de produto na página
2025-04-30 17:58:52,167 - affiliate_finder - INFO - Pesquisando por 'curso vendas online' em Hotmart
2025-04-30 17:58:54,112 - affiliate_finder - INFO - Encontrados 0 elementos de produto na página
2025-04-30 17:58:55,203 - affiliate_finder - INFO - Pesquisando por 'curso de vendas' em Hotmart
2025-04-30 17:58:56,958 - affiliate_finder - INFO - Encontrados 0 elementos de produto na página
2025-04-30 17:58:58,257 - affiliate_finder - INFO - Pesquisando por 'vendas online' em Hotmart
2025-04-30 17:58:59,783 - affiliate_finder - INFO - Encontrados 0 elementos de produto na página
2025-04-30 17:59:02,664 - affiliate_finder - INFO - Pesquisando por 'dropshipping' em Hotmart
2025-04-30 17:59:04,367 - affiliate_finder - INFO - Encontrados 0 elementos de produto na página
2025-04-30 17:59:05,601 - affiliate_finder - INFO - Pesquisando por 'curso dropshipping' em Hotmart
2025-04-30 17:59:06,921 - affiliate_finder - INFO - Encontrados 0 elementos de produto na página
2025-04-30 17:59:08,694 - affiliate_finder - INFO - Pesquisando por 'ebook empreendedorismo' em Hotmart
2025-04-30 17:59:09,888 - affiliate_finder - INFO - Encontrados 0 elementos de produto na página
2025-04-30 17:59:11,366 - affiliate_finder - INFO - Pesquisando por 'empreendedorismo digital' em Hotmart
2025-04-30 17:59:12,999 - affiliate_finder - INFO - Encontrados 0 elementos de produto na página
2025-04-30 17:59:15,850 - affiliate_finder - INFO - Pesquisando por 'marketing digital' em Hotmart
2025-04-30 17:59:17,469 - affiliate_finder - INFO - Encontrados 0 elementos de produto na página
2025-04-30 17:59:20,113 - affiliate_finder - INFO - Pesquisando por 'afiliado' em Hotmart
2025-04-30 17:59:21,691 - affiliate_finder - INFO - Encontrados 0 elementos de produto na página
2025-04-30 17:59:23,794 - affiliate_finder - INFO - Pesquisando por 'renda extra' em Hotmart
2025-04-30 17:59:25,397 - affiliate_finder - INFO - Encontrados 0 elementos de produto na página
2025-04-30 17:59:28,286 - affiliate_finder - INFO - Pesquisando por 'trabalhar em casa' em Hotmart
2025-04-30 17:59:29,666 - affiliate_finder - INFO - Encontrados 0 elementos de produto na página
2025-04-30 17:59:32,207 - affiliate_finder - INFO - Pesquisando por 'negócio online' em Hotmart
2025-04-30 17:59:33,913 - affiliate_finder - INFO - Encontrados 0 elementos de produto na página
2025-04-30 17:59:36,659 - affiliate_finder - INFO - Pesquisando por 'infoproduto' em Hotmart
2025-04-30 17:59:38,278 - affiliate_finder - INFO - Encontrados 0 elementos de produto na página
2025-04-30 17:59:40,551 - affiliate_finder - INFO - Pesquisando por 'vendas digitais' em Hotmart
2025-04-30 17:59:41,932 - affiliate_finder - INFO - Encontrados 0 elementos de produto na página
2025-04-30 17:59:43,891 - affiliate_finder - INFO - Pesquisando por 'curso digital' em Hotmart
2025-04-30 17:59:45,467 - affiliate_finder - INFO - Encontrados 0 elementos de produto na página
2025-04-30 17:59:47,253 - affiliate_finder - INFO - Sem resultados reais para Hotmart, usando dados simulados
2025-04-30 17:59:49,394 - affiliate_finder - INFO - Buscando em Monetizze
2025-04-30 17:59:49,405 - affiliate_finder - INFO - Pesquisando por 'Curso de Design Gráfico' em Monetizze
2025-04-30 17:59:50,127 - affiliate_finder - INFO - Encontrados 0 elementos de produto na página
2025-04-30 17:59:52,591 - affiliate_finder - INFO - Pesquisando por 'Design Gráfico' em Monetizze
2025-04-30 17:59:53,223 - affiliate_finder - INFO - Encontrados 0 elementos de produto na página
2025-04-30 17:59:54,603 - affiliate_finder - INFO - Pesquisando por 'Ebook Empreendedorismo' em Monetizze
2025-04-30 17:59:55,030 - affiliate_finder - INFO - Encontrados 0 elementos de produto na página
2025-04-30 17:59:57,803 - affiliate_finder - INFO - Pesquisando por 'Empreendedorismo' em Monetizze
2025-04-30 17:59:58,381 - affiliate_finder - INFO - Encontrados 0 elementos de produto na página
2025-04-30 18:00:00,707 - affiliate_finder - INFO - Pesquisando por 'Curso de Vendas Online' em Monetizze
2025-04-30 18:00:01,156 - affiliate_finder - INFO - Encontrados 0 elementos de produto na página
2025-04-30 18:00:04,133 - affiliate_finder - INFO - Pesquisando por 'Vendas Online' em Monetizze
2025-04-30 18:00:04,735 - affiliate_finder - INFO - Encontrados 0 elementos de produto na página
2025-04-30 18:00:07,679 - affiliate_finder - INFO - Pesquisando por 'curso vendas online' em Monetizze
2025-04-30 18:00:08,138 - affiliate_finder - INFO - Encontrados 0 elementos de produto na página
2025-04-30 18:00:10,742 - affiliate_finder - INFO - Pesquisando por 'curso de vendas' em Monetizze
2025-04-30 18:00:11,346 - affiliate_finder - INFO - Encontrados 0 elementos de produto na página
2025-04-30 18:00:14,320 - affiliate_finder - INFO - Pesquisando por 'vendas online' em Monetizze
2025-04-30 18:00:14,755 - affiliate_finder - INFO - Encontrados 0 elementos de produto na página
2025-04-30 18:00:16,382 - affiliate_finder - INFO - Pesquisando por 'dropshipping' em Monetizze
2025-04-30 18:00:16,971 - affiliate_finder - INFO - Encontrados 0 elementos de produto na página
2025-04-30 18:00:18,662 - affiliate_finder - INFO - Pesquisando por 'curso dropshipping' em Monetizze
2025-04-30 18:00:19,080 - affiliate_finder - INFO - Encontrados 0 elementos de produto na página
2025-04-30 18:00:20,611 - affiliate_finder - INFO - Pesquisando por 'ebook empreendedorismo' em Monetizze
2025-04-30 18:00:21,208 - affiliate_finder - INFO - Encontrados 0 elementos de produto na página
2025-04-30 18:00:23,088 - affiliate_finder - INFO - Pesquisando por 'empreendedorismo digital' em Monetizze
2025-04-30 18:00:23,546 - affiliate_finder - INFO - Encontrados 0 elementos de produto na página
2025-04-30 18:00:24,632 - affiliate_finder - INFO - Pesquisando por 'marketing digital' em Monetizze
2025-04-30 18:00:25,246 - affiliate_finder - INFO - Encontrados 0 elementos de produto na página
2025-04-30 18:00:28,189 - affiliate_finder - INFO - Pesquisando por 'afiliado' em Monetizze
2025-04-30 18:00:28,896 - affiliate_finder - INFO - Encontrados 0 elementos de produto na página
2025-04-30 18:00:31,099 - affiliate_finder - INFO - Pesquisando por 'renda extra' em Monetizze
2025-04-30 18:00:31,697 - affiliate_finder - INFO - Encontrados 0 elementos de produto na página
2025-04-30 18:00:33,367 - affiliate_finder - INFO - Pesquisando por 'trabalhar em casa' em Monetizze
2025-04-30 18:00:33,966 - affiliate_finder - INFO - Encontrados 0 elementos de produto na página
2025-04-30 18:00:35,667 - affiliate_finder - INFO - Pesquisando por 'negócio online' em Monetizze
2025-04-30 18:00:36,134 - affiliate_finder - INFO - Encontrados 0 elementos de produto na página
2025-04-30 18:00:38,758 - affiliate_finder - INFO - Pesquisando por 'infoproduto' em Monetizze
2025-04-30 18:00:39,345 - affiliate_finder - INFO - Encontrados 0 elementos de produto na página
2025-04-30 18:00:41,426 - affiliate_finder - INFO - Pesquisando por 'vendas digitais' em Monetizze
2025-04-30 18:00:42,003 - affiliate_finder - INFO - Encontrados 0 elementos de produto na página
2025-04-30 18:00:43,865 - affiliate_finder - INFO - Pesquisando por 'curso digital' em Monetizze
2025-04-30 18:00:44,458 - affiliate_finder - INFO - Encontrados 0 elementos de produto na página
2025-04-30 18:00:46,838 - affiliate_finder - INFO - Sem resultados reais para Monetizze, usando dados simulados
2025-04-30 18:00:48,846 - affiliate_finder - INFO - Buscando em Eduzz
2025-04-30 18:00:48,846 - affiliate_finder - INFO - Pesquisando por 'Curso de Design Gráfico' em Eduzz
2025-04-30 18:00:49,486 - affiliate_finder - WARNING - Requisição falhou com status 404 para https://www.eduzz.com/marketplace?q=Curso+de+Design+Gráfico
2025-04-30 18:00:49,753 - affiliate_finder - WARNING - Requisição falhou com status 404 para https://www.eduzz.com/marketplace?q=Curso+de+Design+Gráfico
2025-04-30 18:00:50,053 - affiliate_finder - WARNING - Requisição falhou com status 404 para https://www.eduzz.com/marketplace?q=Curso+de+Design+Gráfico
2025-04-30 18:00:50,054 - affiliate_finder - ERROR - Todas as tentativas falharam para https://www.eduzz.com/marketplace?q=Curso+de+Design+Gráfico
2025-04-30 18:00:52,688 - affiliate_finder - INFO - Pesquisando por 'Design Gráfico' em Eduzz
2025-04-30 18:00:53,169 - affiliate_finder - WARNING - Requisição falhou com status 404 para https://www.eduzz.com/marketplace?q=Design+Gráfico
2025-04-30 18:00:53,472 - affiliate_finder - WARNING - Requisição falhou com status 404 para https://www.eduzz.com/marketplace?q=Design+Gráfico
2025-04-30 18:00:53,745 - affiliate_finder - WARNING - Requisição falhou com status 404 para https://www.eduzz.com/marketplace?q=Design+Gráfico
2025-04-30 18:00:53,745 - affiliate_finder - ERROR - Todas as tentativas falharam para https://www.eduzz.com/marketplace?q=Design+Gráfico
2025-04-30 18:00:55,196 - affiliate_finder - INFO - Pesquisando por 'Ebook Empreendedorismo' em Eduzz
2025-04-30 18:00:55,698 - affiliate_finder - WARNING - Requisição falhou com status 404 para https://www.eduzz.com/marketplace?q=Ebook+Empreendedorismo
2025-04-30 18:00:55,989 - affiliate_finder - WARNING - Requisição falhou com status 404 para https://www.eduzz.com/marketplace?q=Ebook+Empreendedorismo
2025-04-30 18:00:56,263 - affiliate_finder - WARNING - Requisição falhou com status 404 para https://www.eduzz.com/marketplace?q=Ebook+Empreendedorismo
2025-04-30 18:00:56,264 - affiliate_finder - ERROR - Todas as tentativas falharam para https://www.eduzz.com/marketplace?q=Ebook+Empreendedorismo
2025-04-30 18:00:59,260 - affiliate_finder - INFO - Pesquisando por 'Empreendedorismo' em Eduzz
2025-04-30 18:00:59,577 - affiliate_finder - WARNING - Requisição falhou com status 404 para https://www.eduzz.com/marketplace?q=Empreendedorismo
2025-04-30 18:00:59,865 - affiliate_finder - WARNING - Requisição falhou com status 404 para https://www.eduzz.com/marketplace?q=Empreendedorismo
2025-04-30 18:01:00,154 - affiliate_finder - WARNING - Requisição falhou com status 404 para https://www.eduzz.com/marketplace?q=Empreendedorismo
2025-04-30 18:01:00,155 - affiliate_finder - ERROR - Todas as tentativas falharam para https://www.eduzz.com/marketplace?q=Empreendedorismo
2025-04-30 18:01:02,088 - affiliate_finder - INFO - Pesquisando por 'Curso de Vendas Online' em Eduzz
2025-04-30 18:01:02,361 - affiliate_finder - WARNING - Requisição falhou com status 404 para https://www.eduzz.com/marketplace?q=Curso+de+Vendas+Online
2025-04-30 18:01:02,639 - affiliate_finder - WARNING - Requisição falhou com status 404 para https://www.eduzz.com/marketplace?q=Curso+de+Vendas+Online
2025-04-30 18:01:02,920 - affiliate_finder - WARNING - Requisição falhou com status 404 para https://www.eduzz.com/marketplace?q=Curso+de+Vendas+Online
2025-04-30 18:01:02,921 - affiliate_finder - ERROR - Todas as tentativas falharam para https://www.eduzz.com/marketplace?q=Curso+de+Vendas+Online
2025-04-30 18:01:04,627 - affiliate_finder - INFO - Pesquisando por 'Vendas Online' em Eduzz
2025-04-30 18:01:04,910 - affiliate_finder - WARNING - Requisição falhou com status 404 para https://www.eduzz.com/marketplace?q=Vendas+Online
2025-04-30 18:01:05,226 - affiliate_finder - WARNING - Requisição falhou com status 404 para https://www.eduzz.com/marketplace?q=Vendas+Online
2025-04-30 18:01:05,504 - affiliate_finder - WARNING - Requisição falhou com status 404 para https://www.eduzz.com/marketplace?q=Vendas+Online
2025-04-30 18:01:05,505 - affiliate_finder - ERROR - Todas as tentativas falharam para https://www.eduzz.com/marketplace?q=Vendas+Online
2025-04-30 18:01:06,972 - affiliate_finder - INFO - Pesquisando por 'curso vendas online' em Eduzz
2025-04-30 18:01:07,266 - affiliate_finder - WARNING - Requisição falhou com status 404 para https://www.eduzz.com/marketplace?q=curso+vendas+online
2025-04-30 18:01:07,548 - affiliate_finder - WARNING - Requisição falhou com status 404 para https://www.eduzz.com/marketplace?q=curso+vendas+online
2025-04-30 18:01:07,845 - affiliate_finder - WARNING - Requisição falhou com status 404 para https://www.eduzz.com/marketplace?q=curso+vendas+online
2025-04-30 18:01:07,861 - affiliate_finder - ERROR - Todas as tentativas falharam para https://www.eduzz.com/marketplace?q=curso+vendas+online
2025-04-30 18:01:10,632 - affiliate_finder - INFO - Pesquisando por 'curso de vendas' em Eduzz
2025-04-30 18:01:10,965 - affiliate_finder - WARNING - Requisição falhou com status 404 para https://www.eduzz.com/marketplace?q=curso+de+vendas
2025-04-30 18:01:11,261 - affiliate_finder - WARNING - Requisição falhou com status 404 para https://www.eduzz.com/marketplace?q=curso+de+vendas
2025-04-30 18:01:11,543 - affiliate_finder - WARNING - Requisição falhou com status 404 para https://www.eduzz.com/marketplace?q=curso+de+vendas
2025-04-30 18:01:11,544 - affiliate_finder - ERROR - Todas as tentativas falharam para https://www.eduzz.com/marketplace?q=curso+de+vendas
2025-04-30 18:01:12,829 - affiliate_finder - INFO - Pesquisando por 'vendas online' em Eduzz
2025-04-30 18:01:13,137 - affiliate_finder - WARNING - Requisição falhou com status 404 para https://www.eduzz.com/marketplace?q=vendas+online
2025-04-30 18:01:13,451 - affiliate_finder - WARNING - Requisição falhou com status 404 para https://www.eduzz.com/marketplace?q=vendas+online
2025-04-30 18:01:13,752 - affiliate_finder - WARNING - Requisição falhou com status 404 para https://www.eduzz.com/marketplace?q=vendas+online
2025-04-30 18:01:13,753 - affiliate_finder - ERROR - Todas as tentativas falharam para https://www.eduzz.com/marketplace?q=vendas+online
2025-04-30 18:01:16,082 - affiliate_finder - INFO - Pesquisando por 'dropshipping' em Eduzz
2025-04-30 18:01:16,391 - affiliate_finder - WARNING - Requisição falhou com status 404 para https://www.eduzz.com/marketplace?q=dropshipping
2025-04-30 18:01:16,672 - affiliate_finder - WARNING - Requisição falhou com status 404 para https://www.eduzz.com/marketplace?q=dropshipping
2025-04-30 18:01:16,985 - affiliate_finder - WARNING - Requisição falhou com status 404 para https://www.eduzz.com/marketplace?q=dropshipping
2025-04-30 18:01:16,985 - affiliate_finder - ERROR - Todas as tentativas falharam para https://www.eduzz.com/marketplace?q=dropshipping
2025-04-30 18:01:18,366 - affiliate_finder - INFO - Pesquisando por 'curso dropshipping' em Eduzz
2025-04-30 18:01:18,741 - affiliate_finder - WARNING - Requisição falhou com status 404 para https://www.eduzz.com/marketplace?q=curso+dropshipping
2025-04-30 18:01:19,021 - affiliate_finder - WARNING - Requisição falhou com status 404 para https://www.eduzz.com/marketplace?q=curso+dropshipping
2025-04-30 18:01:19,335 - affiliate_finder - WARNING - Requisição falhou com status 404 para https://www.eduzz.com/marketplace?q=curso+dropshipping
2025-04-30 18:01:19,371 - affiliate_finder - ERROR - Todas as tentativas falharam para https://www.eduzz.com/marketplace?q=curso+dropshipping
2025-04-30 18:01:22,134 - affiliate_finder - INFO - Pesquisando por 'ebook empreendedorismo' em Eduzz
2025-04-30 18:01:22,415 - affiliate_finder - WARNING - Requisição falhou com status 404 para https://www.eduzz.com/marketplace?q=ebook+empreendedorismo
2025-04-30 18:01:22,691 - affiliate_finder - WARNING - Requisição falhou com status 404 para https://www.eduzz.com/marketplace?q=ebook+empreendedorismo
2025-04-30 18:01:22,973 - affiliate_finder - WARNING - Requisição falhou com status 404 para https://www.eduzz.com/marketplace?q=ebook+empreendedorismo
2025-04-30 18:01:22,973 - affiliate_finder - ERROR - Todas as tentativas falharam para https://www.eduzz.com/marketplace?q=ebook+empreendedorismo
2025-04-30 18:01:25,261 - affiliate_finder - INFO - Pesquisando por 'empreendedorismo digital' em Eduzz
2025-04-30 18:01:25,626 - affiliate_finder - WARNING - Requisição falhou com status 404 para https://www.eduzz.com/marketplace?q=empreendedorismo+digital
2025-04-30 18:01:25,934 - affiliate_finder - WARNING - Requisição falhou com status 404 para https://www.eduzz.com/marketplace?q=empreendedorismo+digital
2025-04-30 18:01:26,303 - affiliate_finder - WARNING - Requisição falhou com status 404 para https://www.eduzz.com/marketplace?q=empreendedorismo+digital
2025-04-30 18:01:26,304 - affiliate_finder - ERROR - Todas as tentativas falharam para https://www.eduzz.com/marketplace?q=empreendedorismo+digital
2025-04-30 18:01:29,043 - affiliate_finder - INFO - Pesquisando por 'marketing digital' em Eduzz
2025-04-30 18:01:29,343 - affiliate_finder - WARNING - Requisição falhou com status 404 para https://www.eduzz.com/marketplace?q=marketing+digital
2025-04-30 18:01:29,623 - affiliate_finder - WARNING - Requisição falhou com status 404 para https://www.eduzz.com/marketplace?q=marketing+digital
2025-04-30 18:01:29,925 - affiliate_finder - WARNING - Requisição falhou com status 404 para https://www.eduzz.com/marketplace?q=marketing+digital
2025-04-30 18:01:29,925 - affiliate_finder - ERROR - Todas as tentativas falharam para https://www.eduzz.com/marketplace?q=marketing+digital
2025-04-30 18:01:31,627 - affiliate_finder - INFO - Pesquisando por 'afiliado' em Eduzz
2025-04-30 18:01:31,906 - affiliate_finder - WARNING - Requisição falhou com status 404 para https://www.eduzz.com/marketplace?q=afiliado
2025-04-30 18:01:32,190 - affiliate_finder - WARNING - Requisição falhou com status 404 para https://www.eduzz.com/marketplace?q=afiliado
2025-04-30 18:01:32,477 - affiliate_finder - WARNING - Requisição falhou com status 404 para https://www.eduzz.com/marketplace?q=afiliado
2025-04-30 18:01:32,478 - affiliate_finder - ERROR - Todas as tentativas falharam para https://www.eduzz.com/marketplace?q=afiliado
2025-04-30 18:01:33,695 - affiliate_finder - INFO - Pesquisando por 'renda extra' em Eduzz
2025-04-30 18:01:34,026 - affiliate_finder - WARNING - Requisição falhou com status 404 para https://www.eduzz.com/marketplace?q=renda+extra
2025-04-30 18:01:34,320 - affiliate_finder - WARNING - Requisição falhou com status 404 para https://www.eduzz.com/marketplace?q=renda+extra
2025-04-30 18:01:34,622 - affiliate_finder - WARNING - Requisição falhou com status 404 para https://www.eduzz.com/marketplace?q=renda+extra
2025-04-30 18:01:34,623 - affiliate_finder - ERROR - Todas as tentativas falharam para https://www.eduzz.com/marketplace?q=renda+extra
2025-04-30 18:01:36,116 - affiliate_finder - INFO - Pesquisando por 'trabalhar em casa' em Eduzz
2025-04-30 18:01:36,450 - affiliate_finder - WARNING - Requisição falhou com status 404 para https://www.eduzz.com/marketplace?q=trabalhar+em+casa
2025-04-30 18:01:36,814 - affiliate_finder - WARNING - Requisição falhou com status 404 para https://www.eduzz.com/marketplace?q=trabalhar+em+casa
2025-04-30 18:01:37,110 - affiliate_finder - WARNING - Requisição falhou com status 404 para https://www.eduzz.com/marketplace?q=trabalhar+em+casa
2025-04-30 18:01:37,111 - affiliate_finder - ERROR - Todas as tentativas falharam para https://www.eduzz.com/marketplace?q=trabalhar+em+casa
2025-04-30 18:01:39,415 - affiliate_finder - INFO - Pesquisando por 'negócio online' em Eduzz
2025-04-30 18:01:39,722 - affiliate_finder - WARNING - Requisição falhou com status 404 para https://www.eduzz.com/marketplace?q=negócio+online
2025-04-30 18:01:40,010 - affiliate_finder - WARNING - Requisição falhou com status 404 para https://www.eduzz.com/marketplace?q=negócio+online
2025-04-30 18:01:40,314 - affiliate_finder - WARNING - Requisição falhou com status 404 para https://www.eduzz.com/marketplace?q=negócio+online
2025-04-30 18:01:40,315 - affiliate_finder - ERROR - Todas as tentativas falharam para https://www.eduzz.com/marketplace?q=negócio+online
2025-04-30 18:01:41,866 - affiliate_finder - INFO - Pesquisando por 'infoproduto' em Eduzz
2025-04-30 18:01:42,360 - affiliate_finder - WARNING - Requisição falhou com status 404 para https://www.eduzz.com/marketplace?q=infoproduto
2025-04-30 18:01:42,654 - affiliate_finder - WARNING - Requisição falhou com status 404 para https://www.eduzz.com/marketplace?q=infoproduto
2025-04-30 18:01:42,980 - affiliate_finder - WARNING - Requisição falhou com status 404 para https://www.eduzz.com/marketplace?q=infoproduto
2025-04-30 18:01:42,980 - affiliate_finder - ERROR - Todas as tentativas falharam para https://www.eduzz.com/marketplace?q=infoproduto
2025-04-30 18:01:44,194 - affiliate_finder - INFO - Pesquisando por 'vendas digitais' em Eduzz
2025-04-30 18:01:44,471 - affiliate_finder - WARNING - Requisição falhou com status 404 para https://www.eduzz.com/marketplace?q=vendas+digitais
2025-04-30 18:01:44,787 - affiliate_finder - WARNING - Requisição falhou com status 404 para https://www.eduzz.com/marketplace?q=vendas+digitais
2025-04-30 18:01:45,091 - affiliate_finder - WARNING - Requisição falhou com status 404 para https://www.eduzz.com/marketplace?q=vendas+digitais
2025-04-30 18:01:45,091 - affiliate_finder - ERROR - Todas as tentativas falharam para https://www.eduzz.com/marketplace?q=vendas+digitais
2025-04-30 18:01:47,944 - affiliate_finder - INFO - Pesquisando por 'curso digital' em Eduzz
2025-04-30 18:01:48,259 - affiliate_finder - WARNING - Requisição falhou com status 404 para https://www.eduzz.com/marketplace?q=curso+digital
2025-04-30 18:01:48,541 - affiliate_finder - WARNING - Requisição falhou com status 404 para https://www.eduzz.com/marketplace?q=curso+digital
2025-04-30 18:01:48,887 - affiliate_finder - WARNING - Requisição falhou com status 404 para https://www.eduzz.com/marketplace?q=curso+digital
2025-04-30 18:01:48,888 - affiliate_finder - ERROR - Todas as tentativas falharam para https://www.eduzz.com/marketplace?q=curso+digital
2025-04-30 18:01:50,100 - affiliate_finder - INFO - Sem resultados reais para Eduzz, usando dados simulados
2025-04-30 18:01:52,103 - affiliate_finder - INFO - Buscando em ClickBank
2025-04-30 18:01:52,103 - affiliate_finder - INFO - Pesquisando por 'Curso de Design Gráfico' em ClickBank
2025-04-30 18:01:52,941 - affiliate_finder - INFO - Encontrados 0 elementos de produto na página
2025-04-30 18:01:54,163 - affiliate_finder - INFO - Pesquisando por 'Design Gráfico' em ClickBank
2025-04-30 18:01:54,494 - affiliate_finder - INFO - Encontrados 0 elementos de produto na página
2025-04-30 18:01:56,958 - affiliate_finder - INFO - Pesquisando por 'Ebook Empreendedorismo' em ClickBank
2025-04-30 18:01:57,283 - affiliate_finder - INFO - Encontrados 0 elementos de produto na página
2025-04-30 18:01:59,046 - affiliate_finder - INFO - Pesquisando por 'Empreendedorismo' em ClickBank
2025-04-30 18:01:59,369 - affiliate_finder - INFO - Encontrados 0 elementos de produto na página
2025-04-30 18:02:01,649 - affiliate_finder - INFO - Pesquisando por 'Curso de Vendas Online' em ClickBank
2025-04-30 18:02:01,942 - affiliate_finder - INFO - Encontrados 0 elementos de produto na página
2025-04-30 18:02:03,492 - affiliate_finder - INFO - Pesquisando por 'Vendas Online' em ClickBank
2025-04-30 18:02:03,808 - affiliate_finder - INFO - Encontrados 0 elementos de produto na página
2025-04-30 18:02:05,593 - affiliate_finder - INFO - Pesquisando por 'curso vendas online' em ClickBank
2025-04-30 18:02:05,915 - affiliate_finder - INFO - Encontrados 0 elementos de produto na página
2025-04-30 18:02:07,870 - affiliate_finder - INFO - Pesquisando por 'curso de vendas' em ClickBank
2025-04-30 18:02:08,631 - affiliate_finder - INFO - Encontrados 0 elementos de produto na página
2025-04-30 18:02:11,319 - affiliate_finder - INFO - Pesquisando por 'vendas online' em ClickBank
2025-04-30 18:02:12,060 - affiliate_finder - INFO - Encontrados 0 elementos de produto na página
2025-04-30 18:02:14,607 - affiliate_finder - INFO - Pesquisando por 'dropshipping' em ClickBank
2025-04-30 18:02:14,912 - affiliate_finder - INFO - Encontrados 0 elementos de produto na página
2025-04-30 18:02:17,737 - affiliate_finder - INFO - Pesquisando por 'curso dropshipping' em ClickBank
2025-04-30 18:02:18,442 - affiliate_finder - INFO - Encontrados 0 elementos de produto na página
2025-04-30 18:02:20,351 - affiliate_finder - INFO - Pesquisando por 'ebook empreendedorismo' em ClickBank
2025-04-30 18:02:20,880 - affiliate_finder - INFO - Encontrados 0 elementos de produto na página
2025-04-30 18:02:22,678 - affiliate_finder - INFO - Pesquisando por 'empreendedorismo digital' em ClickBank
2025-04-30 18:02:23,018 - affiliate_finder - INFO - Encontrados 0 elementos de produto na página
2025-04-30 18:02:25,071 - affiliate_finder - INFO - Pesquisando por 'marketing digital' em ClickBank
2025-04-30 18:02:25,426 - affiliate_finder - INFO - Encontrados 0 elementos de produto na página
2025-04-30 18:02:28,171 - affiliate_finder - INFO - Pesquisando por 'afiliado' em ClickBank
2025-04-30 18:02:28,936 - affiliate_finder - INFO - Encontrados 0 elementos de produto na página
2025-04-30 18:02:31,795 - affiliate_finder - INFO - Pesquisando por 'renda extra' em ClickBank
2025-04-30 18:02:32,124 - affiliate_finder - INFO - Encontrados 0 elementos de produto na página
2025-04-30 18:02:33,724 - affiliate_finder - INFO - Pesquisando por 'trabalhar em casa' em ClickBank
2025-04-30 18:02:34,050 - affiliate_finder - INFO - Encontrados 0 elementos de produto na página
2025-04-30 18:02:35,933 - affiliate_finder - INFO - Pesquisando por 'negócio online' em ClickBank
2025-04-30 18:02:36,992 - affiliate_finder - INFO - Encontrados 0 elementos de produto na página
2025-04-30 18:02:38,026 - affiliate_finder - INFO - Pesquisando por 'infoproduto' em ClickBank
2025-04-30 18:02:38,320 - affiliate_finder - INFO - Encontrados 0 elementos de produto na página
2025-04-30 18:02:40,505 - affiliate_finder - INFO - Pesquisando por 'vendas digitais' em ClickBank
2025-04-30 18:02:40,833 - affiliate_finder - INFO - Encontrados 0 elementos de produto na página
2025-04-30 18:02:43,524 - affiliate_finder - INFO - Pesquisando por 'curso digital' em ClickBank
2025-04-30 18:02:43,830 - affiliate_finder - INFO - Encontrados 0 elementos de produto na página
2025-04-30 18:02:45,133 - affiliate_finder - INFO - Sem resultados reais para ClickBank, usando dados simulados
2025-04-30 18:02:47,147 - affiliate_finder - INFO - Buscando em Braip
2025-04-30 18:02:47,148 - affiliate_finder - INFO - Pesquisando por 'Curso de Design Gráfico' em Braip
2025-04-30 18:02:47,180 - affiliate_finder - WARNING - Tentativa 1/3 falhou: HTTPSConnectionPool(host='www.braip.com', port=443): Max retries exceeded with url: /marketplace?busca=Curso+de+Design+Gr%C3%A1fico (Caused by NameResolutionError("<urllib3.connection.HTTPSConnection object at 0x00000182D619C2B0>: Failed to resolve 'www.braip.com' ([Errno 11001] getaddrinfo failed)"))
2025-04-30 18:02:49,197 - affiliate_finder - WARNING - Tentativa 2/3 falhou: HTTPSConnectionPool(host='www.braip.com', port=443): Max retries exceeded with url: /marketplace?busca=Curso+de+Design+Gr%C3%A1fico (Caused by NameResolutionError("<urllib3.connection.HTTPSConnection object at 0x00000182D63390F0>: Failed to resolve 'www.braip.com' ([Errno 11001] getaddrinfo failed)"))
2025-04-30 18:02:51,212 - affiliate_finder - WARNING - Tentativa 3/3 falhou: HTTPSConnectionPool(host='www.braip.com', port=443): Max retries exceeded with url: /marketplace?busca=Curso+de+Design+Gr%C3%A1fico (Caused by NameResolutionError("<urllib3.connection.HTTPSConnection object at 0x00000182D6339AE0>: Failed to resolve 'www.braip.com' ([Errno 11001] getaddrinfo failed)"))
2025-04-30 18:02:53,214 - affiliate_finder - ERROR - Todas as tentativas falharam para https://www.braip.com/marketplace?busca=Curso+de+Design+Gráfico
2025-04-30 18:02:55,820 - affiliate_finder - INFO - Pesquisando por 'Design Gráfico' em Braip
2025-04-30 18:02:55,844 - affiliate_finder - WARNING - Tentativa 1/3 falhou: HTTPSConnectionPool(host='www.braip.com', port=443): Max retries exceeded with url: /marketplace?busca=Design+Gr%C3%A1fico (Caused by NameResolutionError("<urllib3.connection.HTTPSConnection object at 0x00000182D633BFA0>: Failed to resolve 'www.braip.com' ([Errno 11001] getaddrinfo failed)"))
2025-04-30 18:02:57,854 - affiliate_finder - WARNING - Tentativa 2/3 falhou: HTTPSConnectionPool(host='www.braip.com', port=443): Max retries exceeded with url: /marketplace?busca=Design+Gr%C3%A1fico (Caused by NameResolutionError("<urllib3.connection.HTTPSConnection object at 0x00000182D633ACB0>: Failed to resolve 'www.braip.com' ([Errno 11001] getaddrinfo failed)"))
2025-04-30 18:02:59,869 - affiliate_finder - WARNING - Tentativa 3/3 falhou: HTTPSConnectionPool(host='www.braip.com', port=443): Max retries exceeded with url: /marketplace?busca=Design+Gr%C3%A1fico (Caused by NameResolutionError("<urllib3.connection.HTTPSConnection object at 0x00000182D619CFA0>: Failed to resolve 'www.braip.com' ([Errno 11001] getaddrinfo failed)"))
2025-04-30 18:03:01,883 - affiliate_finder - ERROR - Todas as tentativas falharam para https://www.braip.com/marketplace?busca=Design+Gráfico
2025-04-30 18:03:03,428 - affiliate_finder - INFO - Pesquisando por 'Ebook Empreendedorismo' em Braip
2025-04-30 18:03:03,442 - affiliate_finder - WARNING - Tentativa 1/3 falhou: HTTPSConnectionPool(host='www.braip.com', port=443): Max retries exceeded with url: /marketplace?busca=Ebook+Empreendedorismo (Caused by NameResolutionError("<urllib3.connection.HTTPSConnection object at 0x00000182D63394B0>: Failed to resolve 'www.braip.com' ([Errno 11001] getaddrinfo failed)"))
2025-04-30 18:03:05,463 - affiliate_finder - WARNING - Tentativa 2/3 falhou: HTTPSConnectionPool(host='www.braip.com', port=443): Max retries exceeded with url: /marketplace?busca=Ebook+Empreendedorismo (Caused by NameResolutionError("<urllib3.connection.HTTPSConnection object at 0x00000182D6338970>: Failed to resolve 'www.braip.com' ([Errno 11001] getaddrinfo failed)"))
2025-04-30 18:03:07,480 - affiliate_finder - WARNING - Tentativa 3/3 falhou: HTTPSConnectionPool(host='www.braip.com', port=443): Max retries exceeded with url: /marketplace?busca=Ebook+Empreendedorismo (Caused by NameResolutionError("<urllib3.connection.HTTPSConnection object at 0x00000182D6338E50>: Failed to resolve 'www.braip.com' ([Errno 11001] getaddrinfo failed)"))
2025-04-30 18:03:09,486 - affiliate_finder - ERROR - Todas as tentativas falharam para https://www.braip.com/marketplace?busca=Ebook+Empreendedorismo
2025-04-30 18:03:11,986 - affiliate_finder - INFO - Pesquisando por 'Empreendedorismo' em Braip
2025-04-30 18:03:12,000 - affiliate_finder - WARNING - Tentativa 1/3 falhou: HTTPSConnectionPool(host='www.braip.com', port=443): Max retries exceeded with url: /marketplace?busca=Empreendedorismo (Caused by NameResolutionError("<urllib3.connection.HTTPSConnection object at 0x00000182D633BC40>: Failed to resolve 'www.braip.com' ([Errno 11001] getaddrinfo failed)"))
2025-04-30 18:03:14,016 - affiliate_finder - WARNING - Tentativa 2/3 falhou: HTTPSConnectionPool(host='www.braip.com', port=443): Max retries exceeded with url: /marketplace?busca=Empreendedorismo (Caused by NameResolutionError("<urllib3.connection.HTTPSConnection object at 0x00000182D619D7B0>: Failed to resolve 'www.braip.com' ([Errno 11001] getaddrinfo failed)"))
2025-04-30 18:03:16,031 - affiliate_finder - WARNING - Tentativa 3/3 falhou: HTTPSConnectionPool(host='www.braip.com', port=443): Max retries exceeded with url: /marketplace?busca=Empreendedorismo (Caused by NameResolutionError("<urllib3.connection.HTTPSConnection object at 0x00000182D633BEB0>: Failed to resolve 'www.braip.com' ([Errno 11001] getaddrinfo failed)"))
2025-04-30 18:03:18,032 - affiliate_finder - ERROR - Todas as tentativas falharam para https://www.braip.com/marketplace?busca=Empreendedorismo
2025-04-30 18:03:19,694 - affiliate_finder - INFO - Pesquisando por 'Curso de Vendas Online' em Braip
2025-04-30 18:03:19,715 - affiliate_finder - WARNING - Tentativa 1/3 falhou: HTTPSConnectionPool(host='www.braip.com', port=443): Max retries exceeded with url: /marketplace?busca=Curso+de+Vendas+Online (Caused by NameResolutionError("<urllib3.connection.HTTPSConnection object at 0x00000182D6338DF0>: Failed to resolve 'www.braip.com' ([Errno 11001] getaddrinfo failed)"))
2025-04-30 18:03:21,726 - affiliate_finder - WARNING - Tentativa 2/3 falhou: HTTPSConnectionPool(host='www.braip.com', port=443): Max retries exceeded with url: /marketplace?busca=Curso+de+Vendas+Online (Caused by NameResolutionError("<urllib3.connection.HTTPSConnection object at 0x00000182D6339810>: Failed to resolve 'www.braip.com' ([Errno 11001] getaddrinfo failed)"))
2025-04-30 18:03:23,732 - affiliate_finder - WARNING - Tentativa 3/3 falhou: HTTPSConnectionPool(host='www.braip.com', port=443): Max retries exceeded with url: /marketplace?busca=Curso+de+Vendas+Online (Caused by NameResolutionError("<urllib3.connection.HTTPSConnection object at 0x00000182D6339C90>: Failed to resolve 'www.braip.com' ([Errno 11001] getaddrinfo failed)"))
2025-04-30 18:03:25,733 - affiliate_finder - ERROR - Todas as tentativas falharam para https://www.braip.com/marketplace?busca=Curso+de+Vendas+Online
2025-04-30 18:03:27,883 - affiliate_finder - INFO - Pesquisando por 'Vendas Online' em Braip
2025-04-30 18:03:27,898 - affiliate_finder - WARNING - Tentativa 1/3 falhou: HTTPSConnectionPool(host='www.braip.com', port=443): Max retries exceeded with url: /marketplace?busca=Vendas+Online (Caused by NameResolutionError("<urllib3.connection.HTTPSConnection object at 0x00000182D633AF20>: Failed to resolve 'www.braip.com' ([Errno 11001] getaddrinfo failed)"))
2025-04-30 18:03:29,910 - affiliate_finder - WARNING - Tentativa 2/3 falhou: HTTPSConnectionPool(host='www.braip.com', port=443): Max retries exceeded with url: /marketplace?busca=Vendas+Online (Caused by NameResolutionError("<urllib3.connection.HTTPSConnection object at 0x00000182D619F4C0>: Failed to resolve 'www.braip.com' ([Errno 11001] getaddrinfo failed)"))
2025-04-30 18:03:31,924 - affiliate_finder - WARNING - Tentativa 3/3 falhou: HTTPSConnectionPool(host='www.braip.com', port=443): Max retries exceeded with url: /marketplace?busca=Vendas+Online (Caused by NameResolutionError("<urllib3.connection.HTTPSConnection object at 0x00000182D633A7D0>: Failed to resolve 'www.braip.com' ([Errno 11001] getaddrinfo failed)"))
2025-04-30 18:03:33,929 - affiliate_finder - ERROR - Todas as tentativas falharam para https://www.braip.com/marketplace?busca=Vendas+Online
2025-04-30 18:03:36,266 - affiliate_finder - INFO - Pesquisando por 'curso vendas online' em Braip
2025-04-30 18:03:36,284 - affiliate_finder - WARNING - Tentativa 1/3 falhou: HTTPSConnectionPool(host='www.braip.com', port=443): Max retries exceeded with url: /marketplace?busca=curso+vendas+online (Caused by NameResolutionError("<urllib3.connection.HTTPSConnection object at 0x00000182D6339030>: Failed to resolve 'www.braip.com' ([Errno 11001] getaddrinfo failed)"))
2025-04-30 18:03:38,304 - affiliate_finder - WARNING - Tentativa 2/3 falhou: HTTPSConnectionPool(host='www.braip.com', port=443): Max retries exceeded with url: /marketplace?busca=curso+vendas+online (Caused by NameResolutionError("<urllib3.connection.HTTPSConnection object at 0x00000182D6338B50>: Failed to resolve 'www.braip.com' ([Errno 11001] getaddrinfo failed)"))
2025-04-30 18:03:40,318 - affiliate_finder - WARNING - Tentativa 3/3 falhou: HTTPSConnectionPool(host='www.braip.com', port=443): Max retries exceeded with url: /marketplace?busca=curso+vendas+online (Caused by NameResolutionError("<urllib3.connection.HTTPSConnection object at 0x00000182D6338D90>: Failed to resolve 'www.braip.com' ([Errno 11001] getaddrinfo failed)"))
2025-04-30 18:03:42,325 - affiliate_finder - ERROR - Todas as tentativas falharam para https://www.braip.com/marketplace?busca=curso+vendas+online
2025-04-30 18:03:44,568 - affiliate_finder - INFO - Pesquisando por 'curso de vendas' em Braip
2025-04-30 18:03:44,586 - affiliate_finder - WARNING - Tentativa 1/3 falhou: HTTPSConnectionPool(host='www.braip.com', port=443): Max retries exceeded with url: /marketplace?busca=curso+de+vendas (Caused by NameResolutionError("<urllib3.connection.HTTPSConnection object at 0x00000182D633BA60>: Failed to resolve 'www.braip.com' ([Errno 11001] getaddrinfo failed)"))
2025-04-30 18:03:46,603 - affiliate_finder - WARNING - Tentativa 2/3 falhou: HTTPSConnectionPool(host='www.braip.com', port=443): Max retries exceeded with url: /marketplace?busca=curso+de+vendas (Caused by NameResolutionError("<urllib3.connection.HTTPSConnection object at 0x00000182D619D960>: Failed to resolve 'www.braip.com' ([Errno 11001] getaddrinfo failed)"))
2025-04-30 18:03:48,610 - affiliate_finder - WARNING - Tentativa 3/3 falhou: HTTPSConnectionPool(host='www.braip.com', port=443): Max retries exceeded with url: /marketplace?busca=curso+de+vendas (Caused by NameResolutionError("<urllib3.connection.HTTPSConnection object at 0x00000182D6338FD0>: Failed to resolve 'www.braip.com' ([Errno 11001] getaddrinfo failed)"))
2025-04-30 18:03:50,610 - affiliate_finder - ERROR - Todas as tentativas falharam para https://www.braip.com/marketplace?busca=curso+de+vendas
2025-04-30 18:03:52,291 - affiliate_finder - INFO - Pesquisando por 'vendas online' em Braip
2025-04-30 18:03:52,306 - affiliate_finder - WARNING - Tentativa 1/3 falhou: HTTPSConnectionPool(host='www.braip.com', port=443): Max retries exceeded with url: /marketplace?busca=vendas+online (Caused by NameResolutionError("<urllib3.connection.HTTPSConnection object at 0x00000182D6339B70>: Failed to resolve 'www.braip.com' ([Errno 11001] getaddrinfo failed)"))
2025-04-30 18:03:54,314 - affiliate_finder - WARNING - Tentativa 2/3 falhou: HTTPSConnectionPool(host='www.braip.com', port=443): Max retries exceeded with url: /marketplace?busca=vendas+online (Caused by NameResolutionError("<urllib3.connection.HTTPSConnection object at 0x00000182D633A170>: Failed to resolve 'www.braip.com' ([Errno 11001] getaddrinfo failed)"))
2025-04-30 18:03:56,335 - affiliate_finder - WARNING - Tentativa 3/3 falhou: HTTPSConnectionPool(host='www.braip.com', port=443): Max retries exceeded with url: /marketplace?busca=vendas+online (Caused by NameResolutionError("<urllib3.connection.HTTPSConnection object at 0x00000182D633AD40>: Failed to resolve 'www.braip.com' ([Errno 11001] getaddrinfo failed)"))
2025-04-30 18:03:58,348 - affiliate_finder - ERROR - Todas as tentativas falharam para https://www.braip.com/marketplace?busca=vendas+online
2025-04-30 18:03:59,576 - affiliate_finder - INFO - Pesquisando por 'dropshipping' em Braip
2025-04-30 18:03:59,591 - affiliate_finder - WARNING - Tentativa 1/3 falhou: HTTPSConnectionPool(host='www.braip.com', port=443): Max retries exceeded with url: /marketplace?busca=dropshipping (Caused by NameResolutionError("<urllib3.connection.HTTPSConnection object at 0x00000182D619F430>: Failed to resolve 'www.braip.com' ([Errno 11001] getaddrinfo failed)"))
2025-04-30 18:04:01,603 - affiliate_finder - WARNING - Tentativa 2/3 falhou: HTTPSConnectionPool(host='www.braip.com', port=443): Max retries exceeded with url: /marketplace?busca=dropshipping (Caused by NameResolutionError("<urllib3.connection.HTTPSConnection object at 0x00000182D633AC20>: Failed to resolve 'www.braip.com' ([Errno 11001] getaddrinfo failed)"))
2025-04-30 18:04:03,622 - affiliate_finder - WARNING - Tentativa 3/3 falhou: HTTPSConnectionPool(host='www.braip.com', port=443): Max retries exceeded with url: /marketplace?busca=dropshipping (Caused by NameResolutionError("<urllib3.connection.HTTPSConnection object at 0x00000182D633A110>: Failed to resolve 'www.braip.com' ([Errno 11001] getaddrinfo failed)"))
2025-04-30 18:04:05,636 - affiliate_finder - ERROR - Todas as tentativas falharam para https://www.braip.com/marketplace?busca=dropshipping
2025-04-30 18:04:07,848 - affiliate_finder - INFO - Pesquisando por 'curso dropshipping' em Braip
2025-04-30 18:04:07,870 - affiliate_finder - WARNING - Tentativa 1/3 falhou: HTTPSConnectionPool(host='www.braip.com', port=443): Max retries exceeded with url: /marketplace?busca=curso+dropshipping (Caused by NameResolutionError("<urllib3.connection.HTTPSConnection object at 0x00000182D6339690>: Failed to resolve 'www.braip.com' ([Errno 11001] getaddrinfo failed)"))
2025-04-30 18:04:09,889 - affiliate_finder - WARNING - Tentativa 2/3 falhou: HTTPSConnectionPool(host='www.braip.com', port=443): Max retries exceeded with url: /marketplace?busca=curso+dropshipping (Caused by NameResolutionError("<urllib3.connection.HTTPSConnection object at 0x00000182D633A440>: Failed to resolve 'www.braip.com' ([Errno 11001] getaddrinfo failed)"))
2025-04-30 18:04:11,901 - affiliate_finder - WARNING - Tentativa 3/3 falhou: HTTPSConnectionPool(host='www.braip.com', port=443): Max retries exceeded with url: /marketplace?busca=curso+dropshipping (Caused by NameResolutionError("<urllib3.connection.HTTPSConnection object at 0x00000182D633A920>: Failed to resolve 'www.braip.com' ([Errno 11001] getaddrinfo failed)"))
2025-04-30 18:04:13,913 - affiliate_finder - ERROR - Todas as tentativas falharam para https://www.braip.com/marketplace?busca=curso+dropshipping
2025-04-30 18:04:15,706 - affiliate_finder - INFO - Pesquisando por 'ebook empreendedorismo' em Braip
2025-04-30 18:04:15,721 - affiliate_finder - WARNING - Tentativa 1/3 falhou: HTTPSConnectionPool(host='www.braip.com', port=443): Max retries exceeded with url: /marketplace?busca=ebook+empreendedorismo (Caused by NameResolutionError("<urllib3.connection.HTTPSConnection object at 0x00000182D633B640>: Failed to resolve 'www.braip.com' ([Errno 11001] getaddrinfo failed)"))
2025-04-30 18:04:17,731 - affiliate_finder - WARNING - Tentativa 2/3 falhou: HTTPSConnectionPool(host='www.braip.com', port=443): Max retries exceeded with url: /marketplace?busca=ebook+empreendedorismo (Caused by NameResolutionError("<urllib3.connection.HTTPSConnection object at 0x00000182D6338970>: Failed to resolve 'www.braip.com' ([Errno 11001] getaddrinfo failed)"))
2025-04-30 18:04:19,750 - affiliate_finder - WARNING - Tentativa 3/3 falhou: HTTPSConnectionPool(host='www.braip.com', port=443): Max retries exceeded with url: /marketplace?busca=ebook+empreendedorismo (Caused by NameResolutionError("<urllib3.connection.HTTPSConnection object at 0x00000182D6339D80>: Failed to resolve 'www.braip.com' ([Errno 11001] getaddrinfo failed)"))
2025-04-30 18:04:21,756 - affiliate_finder - ERROR - Todas as tentativas falharam para https://www.braip.com/marketplace?busca=ebook+empreendedorismo
2025-04-30 18:04:24,448 - affiliate_finder - INFO - Pesquisando por 'empreendedorismo digital' em Braip
2025-04-30 18:04:24,471 - affiliate_finder - WARNING - Tentativa 1/3 falhou: HTTPSConnectionPool(host='www.braip.com', port=443): Max retries exceeded with url: /marketplace?busca=empreendedorismo+digital (Caused by NameResolutionError("<urllib3.connection.HTTPSConnection object at 0x00000182D633A290>: Failed to resolve 'www.braip.com' ([Errno 11001] getaddrinfo failed)"))
2025-04-30 18:04:26,489 - affiliate_finder - WARNING - Tentativa 2/3 falhou: HTTPSConnectionPool(host='www.braip.com', port=443): Max retries exceeded with url: /marketplace?busca=empreendedorismo+digital (Caused by NameResolutionError("<urllib3.connection.HTTPSConnection object at 0x00000182D633A950>: Failed to resolve 'www.braip.com' ([Errno 11001] getaddrinfo failed)"))
2025-04-30 18:04:28,498 - affiliate_finder - WARNING - Tentativa 3/3 falhou: HTTPSConnectionPool(host='www.braip.com', port=443): Max retries exceeded with url: /marketplace?busca=empreendedorismo+digital (Caused by NameResolutionError("<urllib3.connection.HTTPSConnection object at 0x00000182D619F880>: Failed to resolve 'www.braip.com' ([Errno 11001] getaddrinfo failed)"))
2025-04-30 18:04:30,514 - affiliate_finder - ERROR - Todas as tentativas falharam para https://www.braip.com/marketplace?busca=empreendedorismo+digital
2025-04-30 18:04:32,810 - affiliate_finder - INFO - Pesquisando por 'marketing digital' em Braip
2025-04-30 18:04:32,831 - affiliate_finder - WARNING - Tentativa 1/3 falhou: HTTPSConnectionPool(host='www.braip.com', port=443): Max retries exceeded with url: /marketplace?busca=marketing+digital (Caused by NameResolutionError("<urllib3.connection.HTTPSConnection object at 0x00000182D633A230>: Failed to resolve 'www.braip.com' ([Errno 11001] getaddrinfo failed)"))
2025-04-30 18:04:34,855 - affiliate_finder - WARNING - Tentativa 2/3 falhou: HTTPSConnectionPool(host='www.braip.com', port=443): Max retries exceeded with url: /marketplace?busca=marketing+digital (Caused by NameResolutionError("<urllib3.connection.HTTPSConnection object at 0x00000182D633A140>: Failed to resolve 'www.braip.com' ([Errno 11001] getaddrinfo failed)"))
2025-04-30 18:04:36,885 - affiliate_finder - WARNING - Tentativa 3/3 falhou: HTTPSConnectionPool(host='www.braip.com', port=443): Max retries exceeded with url: /marketplace?busca=marketing+digital (Caused by NameResolutionError("<urllib3.connection.HTTPSConnection object at 0x00000182D63398D0>: Failed to resolve 'www.braip.com' ([Errno 11001] getaddrinfo failed)"))
2025-04-30 18:04:38,893 - affiliate_finder - ERROR - Todas as tentativas falharam para https://www.braip.com/marketplace?busca=marketing+digital
2025-04-30 18:04:40,459 - affiliate_finder - INFO - Pesquisando por 'afiliado' em Braip
2025-04-30 18:04:40,476 - affiliate_finder - WARNING - Tentativa 1/3 falhou: HTTPSConnectionPool(host='www.braip.com', port=443): Max retries exceeded with url: /marketplace?busca=afiliado (Caused by NameResolutionError("<urllib3.connection.HTTPSConnection object at 0x00000182D6338B20>: Failed to resolve 'www.braip.com' ([Errno 11001] getaddrinfo failed)"))
2025-04-30 18:04:42,491 - affiliate_finder - WARNING - Tentativa 2/3 falhou: HTTPSConnectionPool(host='www.braip.com', port=443): Max retries exceeded with url: /marketplace?busca=afiliado (Caused by NameResolutionError("<urllib3.connection.HTTPSConnection object at 0x00000182D619F700>: Failed to resolve 'www.braip.com' ([Errno 11001] getaddrinfo failed)"))
2025-04-30 18:04:44,517 - affiliate_finder - WARNING - Tentativa 3/3 falhou: HTTPSConnectionPool(host='www.braip.com', port=443): Max retries exceeded with url: /marketplace?busca=afiliado (Caused by NameResolutionError("<urllib3.connection.HTTPSConnection object at 0x00000182D633B730>: Failed to resolve 'www.braip.com' ([Errno 11001] getaddrinfo failed)"))
2025-04-30 18:04:46,523 - affiliate_finder - ERROR - Todas as tentativas falharam para https://www.braip.com/marketplace?busca=afiliado
2025-04-30 18:04:48,993 - affiliate_finder - INFO - Pesquisando por 'renda extra' em Braip
2025-04-30 18:04:49,045 - affiliate_finder - WARNING - Tentativa 1/3 falhou: HTTPSConnectionPool(host='www.braip.com', port=443): Max retries exceeded with url: /marketplace?busca=renda+extra (Caused by NameResolutionError("<urllib3.connection.HTTPSConnection object at 0x00000182D6339600>: Failed to resolve 'www.braip.com' ([Errno 11001] getaddrinfo failed)"))
2025-04-30 18:04:51,050 - affiliate_finder - WARNING - Tentativa 2/3 falhou: HTTPSConnectionPool(host='www.braip.com', port=443): Max retries exceeded with url: /marketplace?busca=renda+extra (Caused by NameResolutionError("<urllib3.connection.HTTPSConnection object at 0x00000182D6339C60>: Failed to resolve 'www.braip.com' ([Errno 11001] getaddrinfo failed)"))
2025-04-30 18:04:53,083 - affiliate_finder - WARNING - Tentativa 3/3 falhou: HTTPSConnectionPool(host='www.braip.com', port=443): Max retries exceeded with url: /marketplace?busca=renda+extra (Caused by NameResolutionError("<urllib3.connection.HTTPSConnection object at 0x00000182D633AF20>: Failed to resolve 'www.braip.com' ([Errno 11001] getaddrinfo failed)"))
2025-04-30 18:04:55,097 - affiliate_finder - ERROR - Todas as tentativas falharam para https://www.braip.com/marketplace?busca=renda+extra
2025-04-30 18:04:56,648 - affiliate_finder - INFO - Pesquisando por 'trabalhar em casa' em Braip
2025-04-30 18:04:56,666 - affiliate_finder - WARNING - Tentativa 1/3 falhou: HTTPSConnectionPool(host='www.braip.com', port=443): Max retries exceeded with url: /marketplace?busca=trabalhar+em+casa (Caused by NameResolutionError("<urllib3.connection.HTTPSConnection object at 0x00000182D633A9E0>: Failed to resolve 'www.braip.com' ([Errno 11001] getaddrinfo failed)"))
2025-04-30 18:04:58,684 - affiliate_finder - WARNING - Tentativa 2/3 falhou: HTTPSConnectionPool(host='www.braip.com', port=443): Max retries exceeded with url: /marketplace?busca=trabalhar+em+casa (Caused by NameResolutionError("<urllib3.connection.HTTPSConnection object at 0x00000182D633B340>: Failed to resolve 'www.braip.com' ([Errno 11001] getaddrinfo failed)"))
2025-04-30 18:05:00,692 - affiliate_finder - WARNING - Tentativa 3/3 falhou: HTTPSConnectionPool(host='www.braip.com', port=443): Max retries exceeded with url: /marketplace?busca=trabalhar+em+casa (Caused by NameResolutionError("<urllib3.connection.HTTPSConnection object at 0x00000182D44834F0>: Failed to resolve 'www.braip.com' ([Errno 11001] getaddrinfo failed)"))
2025-04-30 18:05:02,701 - affiliate_finder - ERROR - Todas as tentativas falharam para https://www.braip.com/marketplace?busca=trabalhar+em+casa
2025-04-30 18:05:05,505 - affiliate_finder - INFO - Pesquisando por 'negócio online' em Braip
2025-04-30 18:05:05,526 - affiliate_finder - WARNING - Tentativa 1/3 falhou: HTTPSConnectionPool(host='www.braip.com', port=443): Max retries exceeded with url: /marketplace?busca=neg%C3%B3cio+online (Caused by NameResolutionError("<urllib3.connection.HTTPSConnection object at 0x00000182D633B0D0>: Failed to resolve 'www.braip.com' ([Errno 11001] getaddrinfo failed)"))
2025-04-30 18:05:07,545 - affiliate_finder - WARNING - Tentativa 2/3 falhou: HTTPSConnectionPool(host='www.braip.com', port=443): Max retries exceeded with url: /marketplace?busca=neg%C3%B3cio+online (Caused by NameResolutionError("<urllib3.connection.HTTPSConnection object at 0x00000182D633A5F0>: Failed to resolve 'www.braip.com' ([Errno 11001] getaddrinfo failed)"))
2025-04-30 18:05:09,557 - affiliate_finder - WARNING - Tentativa 3/3 falhou: HTTPSConnectionPool(host='www.braip.com', port=443): Max retries exceeded with url: /marketplace?busca=neg%C3%B3cio+online (Caused by NameResolutionError("<urllib3.connection.HTTPSConnection object at 0x00000182D6339FF0>: Failed to resolve 'www.braip.com' ([Errno 11001] getaddrinfo failed)"))
2025-04-30 18:05:11,558 - affiliate_finder - ERROR - Todas as tentativas falharam para https://www.braip.com/marketplace?busca=negócio+online
2025-04-30 18:05:13,718 - affiliate_finder - INFO - Pesquisando por 'infoproduto' em Braip
2025-04-30 18:05:13,734 - affiliate_finder - WARNING - Tentativa 1/3 falhou: HTTPSConnectionPool(host='www.braip.com', port=443): Max retries exceeded with url: /marketplace?busca=infoproduto (Caused by NameResolutionError("<urllib3.connection.HTTPSConnection object at 0x00000182D6339930>: Failed to resolve 'www.braip.com' ([Errno 11001] getaddrinfo failed)"))
2025-04-30 18:05:15,747 - affiliate_finder - WARNING - Tentativa 2/3 falhou: HTTPSConnectionPool(host='www.braip.com', port=443): Max retries exceeded with url: /marketplace?busca=infoproduto (Caused by NameResolutionError("<urllib3.connection.HTTPSConnection object at 0x00000182D633B760>: Failed to resolve 'www.braip.com' ([Errno 11001] getaddrinfo failed)"))
2025-04-30 18:05:17,752 - affiliate_finder - WARNING - Tentativa 3/3 falhou: HTTPSConnectionPool(host='www.braip.com', port=443): Max retries exceeded with url: /marketplace?busca=infoproduto (Caused by NameResolutionError("<urllib3.connection.HTTPSConnection object at 0x00000182D6338910>: Failed to resolve 'www.braip.com' ([Errno 11001] getaddrinfo failed)"))
2025-04-30 18:05:19,764 - affiliate_finder - ERROR - Todas as tentativas falharam para https://www.braip.com/marketplace?busca=infoproduto
2025-04-30 18:05:22,252 - affiliate_finder - INFO - Pesquisando por 'vendas digitais' em Braip
2025-04-30 18:05:22,270 - affiliate_finder - WARNING - Tentativa 1/3 falhou: HTTPSConnectionPool(host='www.braip.com', port=443): Max retries exceeded with url: /marketplace?busca=vendas+digitais (Caused by NameResolutionError("<urllib3.connection.HTTPSConnection object at 0x00000182D633A050>: Failed to resolve 'www.braip.com' ([Errno 11001] getaddrinfo failed)"))
2025-04-30 18:05:24,289 - affiliate_finder - WARNING - Tentativa 2/3 falhou: HTTPSConnectionPool(host='www.braip.com', port=443): Max retries exceeded with url: /marketplace?busca=vendas+digitais (Caused by NameResolutionError("<urllib3.connection.HTTPSConnection object at 0x00000182D6339360>: Failed to resolve 'www.braip.com' ([Errno 11001] getaddrinfo failed)"))
2025-04-30 18:05:26,310 - affiliate_finder - WARNING - Tentativa 3/3 falhou: HTTPSConnectionPool(host='www.braip.com', port=443): Max retries exceeded with url: /marketplace?busca=vendas+digitais (Caused by NameResolutionError("<urllib3.connection.HTTPSConnection object at 0x00000182D633AE30>: Failed to resolve 'www.braip.com' ([Errno 11001] getaddrinfo failed)"))
2025-04-30 18:05:28,317 - affiliate_finder - ERROR - Todas as tentativas falharam para https://www.braip.com/marketplace?busca=vendas+digitais
2025-04-30 18:05:29,604 - affiliate_finder - INFO - Pesquisando por 'curso digital' em Braip
2025-04-30 18:05:29,660 - affiliate_finder - WARNING - Tentativa 1/3 falhou: HTTPSConnectionPool(host='www.braip.com', port=443): Max retries exceeded with url: /marketplace?busca=curso+digital (Caused by NameResolutionError("<urllib3.connection.HTTPSConnection object at 0x00000182D633BD30>: Failed to resolve 'www.braip.com' ([Errno 11001] getaddrinfo failed)"))
2025-04-30 18:05:31,696 - affiliate_finder - WARNING - Tentativa 2/3 falhou: HTTPSConnectionPool(host='www.braip.com', port=443): Max retries exceeded with url: /marketplace?busca=curso+digital (Caused by NameResolutionError("<urllib3.connection.HTTPSConnection object at 0x00000182D4483790>: Failed to resolve 'www.braip.com' ([Errno 11001] getaddrinfo failed)"))
2025-04-30 18:05:33,707 - affiliate_finder - WARNING - Tentativa 3/3 falhou: HTTPSConnectionPool(host='www.braip.com', port=443): Max retries exceeded with url: /marketplace?busca=curso+digital (Caused by NameResolutionError("<urllib3.connection.HTTPSConnection object at 0x00000182D633A980>: Failed to resolve 'www.braip.com' ([Errno 11001] getaddrinfo failed)"))
2025-04-30 18:05:35,723 - affiliate_finder - ERROR - Todas as tentativas falharam para https://www.braip.com/marketplace?busca=curso+digital
2025-04-30 18:05:38,079 - affiliate_finder - INFO - Sem resultados reais para Braip, usando dados simulados
2025-04-30 18:05:41,105 - affiliate_finder - INFO - Total de programas de afiliados encontrados: 30
2025-04-30 18:05:41,266 - affiliate_finder - INFO - Dados salvos em output/data/affiliate_programs.csv
2025-04-30 18:05:41,303 - affiliate_finder - INFO - Relatório gerado em: output/reports/affiliate_opportunities.html
2025-04-30 18:05:41,304 - main - INFO - Encontrados 30 programas de afiliados. Top 10 selecionados.
2025-04-30 18:05:41,307 - main - INFO - Relatório de afiliados gerado: output/reports/affiliate_opportunities.html
2025-04-30 18:05:41,309 - main - INFO - Processo finalizado com sucesso. Relatório gerado: output/reports/top_opportunities_2025-04-30_17-58-30.csv
